system_id,pdb_id,receptor_name,receptor_uniprot,receptor_gene,g_protein_family,g_alpha_subtype,ligand_name,ligand_class,n_replicas,length_per_replica_ns,total_sampling_ns,force_field,lipid_composition,structural_provenance,has_pocket_data,has_gateway_data,has_gpcrdb_pockets,notes
G12_7T6B,7T6B,Sphingosine 1-phosphate receptor 2,O95136,S1PR2,G12/13,Guanine nucleotide-binding protein subunit alpha-1,"(2S,3R,4E)-2-amino-3-hydroxyoctadec-4-en-1-yl dihydrogen phosphate",,3,500.0,1500.0,"CHARMM36 (chamber, AMBER pmemd)",POPC,experimental,Yes,Yes,Yes,nan; API receptor_name='Sphingosine 1-phosphate receptor 2' differs from existing
G12_8H8J,8H8J,G-protein coupled receptor 35,Q9HC97,GPR35,G12/13,Guanine nucleotide-binding protein subunit alpha-1,"2,2'-[(2-chloro-5-cyano-1,3-phenylene)bis(azanediyl)]bis(oxoacetic acid)",,3,500.0,1500.0,"CHARMM36 (membrane-embedded, GROMACS)",POPC,experimental,Yes,Yes,No,12 temp/incomplete files (#-prefixed) present; API receptor_name='G-protein coupled receptor 35' differs from existing; TRR with vel+forces: prod1_now.trr
G12_8IKL,8IKL,Adhesion G protein-coupled receptor E5,P48960,,G12/13,Guanine nucleotide-binding protein G(13) subunit a,,,3,500.0,1500.0,"CHARMM36 (chamber, AMBER pmemd)",POPC,experimental,Yes,Yes,Yes,
G12_8KGG,8KGG,Putative P2Y purinoceptor 10,O00398,,G12/13,Guanine nucleotide-binding protein G(i) subunit al,(2~{S})-2-$l^{4}-azanyl-3-[[(2~{R})-3-octadecanoyloxy-2-oxidanyl-propoxy]-oxidanyl-oxidanylidene-$l^{6}-phosphanyl]oxy-propanoic acid,,3,500.0,1500.0,"CHARMM36 (chamber, AMBER pmemd)",POPC,experimental,Yes,Yes,Yes,
G12_9IY8,9IY8,G-protein coupled receptor 55,Q9Y2T6,,G12/13,Guanine nucleotide-binding protein subunit alpha-1,CYM,,3,500.0,1500.0,"CHARMM36 (chamber, AMBER pmemd)",POPC,experimental,Yes,Yes,Yes,
Gi_6CMO,6CMO,Rhodopsin,P08100,RHO,Gi/o,Guanine nucleotide-binding protein G(i) subunit al,,,3,500.0,1500.0,"CHARMM36 (chamber, AMBER pmemd)",POPC,engineered_uncertain,Yes,Yes,Yes,nan; API receptor_name='Rhodopsin' differs from existing
Gi_6D9H,6D9H,Muscarinic acetylcholine receptor M4,P08173,CHRM4,Gi/o,Guanine nucleotide-binding protein G(i) subunit al,ADENOSINE,,3,500.0,1500.0,"CHARMM36 (chamber, AMBER pmemd)",POPC,engineered_uncertain,Yes,Yes,Yes,nan; API receptor_name='Muscarinic acetylcholine receptor M4' differs from existing
Gi_6G79,6G79,5-hydroxytryptamine receptor 1B,P28222,,Gi/o,Guanine nucleotide-binding protein G(o) subunit al,2-[5-[2-[4-(4-cyanophenyl)piperazin-1-yl]-2-oxidanylidene-ethoxy]-1~{H}-indol-3-yl]ethylazanium,,3,500.0,1500.0,"CHARMM36 (chamber, AMBER pmemd)",POPC,experimental,Yes,Yes,Yes,
Gi_6K42,6K42,Alpha-2A adrenergic receptor,P08913,,Gi/o,Guanine nucleotide-binding protein G(i) subunit al,"4-[(1~{S})-1-(2,3-dimethylphenyl)ethyl]-1~{H}-imidazole",,3,500.0,1500.0,"CHARMM36 (chamber, AMBER pmemd)",POPC,experimental,Yes,Yes,Yes,
Gi_6LFO,6LFO,C-X-C chemokine receptor type 2,P25025,,Gi/o,Guanine nucleotide-binding protein G(i) subunit al,,,3,500.0,1500.0,"CHARMM36 (chamber, AMBER pmemd)",POPC,experimental,Yes,Yes,Yes,
Gi_6OSA,6OSA,Neurotensin receptor type 1,P30989,,Gi/o,Guanine nucleotide-binding protein G(i) subunit al,,,3,500.0,1500.0,"CHARMM36 (chamber, AMBER pmemd)",POPC,experimental,Yes,Yes,Yes,
Gi_6PT0,6PT0,Cannabinoid receptor 2,P34972,,Gi/o,Guanine nucleotide-binding protein G(i) subunit al,"{(3R)-5-methyl-3-[(morpholin-4-yl)methyl]-2,3-dihydro[1,4]oxazino[2,3,4-hi]indol-6-yl}(naphthalen-1-yl)methanone",,3,500.0,1500.0,"CHARMM36 (chamber, AMBER pmemd)",POPC,experimental,Yes,Yes,Yes,
Gi_6WWZ,6WWZ,C-C chemokine receptor type 6,P51684,,Gi/o,Guanine nucleotide-binding protein G(o) subunit al,CYM,,3,500.0,1500.0,"CHARMM36 (chamber, AMBER pmemd)",POPC,experimental,Yes,Yes,Yes,
Gi_7CMV,7CMV,D(3) dopamine receptor,P35462,,Gi/o,Guanine nucleotide-binding protein G(i) subunit al,"(4aR,10bR)-4-propyl-3,4a,5,10b-tetrahydro-2H-chromeno[4,3-b][1,4]oxazin-9-ol",,3,500.0,1500.0,"CHARMM36 (chamber, AMBER pmemd)",POPC,experimental,Yes,Yes,Yes,
Gi_7E2X,7E2X,5-hydroxytryptamine receptor 1A,P08908,,Gi/o,Guanine nucleotide-binding protein G(i) subunit al,"[(2R)-1-[oxidanyl-[(2R,3R,5S,6R)-2,3,5,6-tetrakis(oxidanyl)-4-phosphonooxy-cyclohexyl]oxy-phosphoryl]oxy-3-tetradecanoyloxy-propan-2-yl] (5E,8E)-hexadeca-5,8,11,14-tetraenoate",,3,500.0,1500.0,"CHARMM36 (chamber, AMBER pmemd)",POPC,experimental,Yes,Yes,Yes,
Gi_7E32,7E32,5-hydroxytryptamine receptor 1D,P28221,,Gi/o,Guanine nucleotide-binding protein G(i) subunit al,SEROTONIN,,3,260.0,780.0,"CHARMM36 (chamber, AMBER pmemd)",POPC,experimental,Yes,Yes,Yes,
Gi_7E33,7E33,5-hydroxytryptamine receptor 1E,P28566,,Gi/o,Guanine nucleotide-binding protein G(i) subunit al,3-(1-methylpiperidin-4-yl)-1H-indol-5-ol,,3,500.0,1500.0,"CHARMM36 (chamber, AMBER pmemd)",POPC,experimental,Yes,Yes,Yes,
Gi_7EJX,7EJX,G protein-coupled receptor 88,Q9GZN0,,Gi/o,Guanine nucleotide-binding protein G(i) subunit al,"(1R,2R)-N-[(2S,3S)-2-azanyl-3-methyl-pentyl]-N-[4-(4-propylphenyl)phenyl]-2-pyridin-2-yl-cyclopropane-1-carboxamide",,3,500.0,1500.0,"CHARMM36 (chamber, AMBER pmemd)",POPC,experimental,Yes,Yes,Yes,
Gi_7EW1,7EW1,Sphingosine 1-phosphate receptor 5,Q9H228,,Gi/o,Guanine nucleotide-binding protein G(i) subunit al,1-[[4-[(~{E})-~{N}-[[4-cyclohexyl-3-(trifluoromethyl)phenyl]methoxy]-~{C}-methyl-carbonimidoyl]-2-ethyl-phenyl]methyl]azetidine-3-carboxylic acid,,3,500.0,1500.0,"CHARMM36 (chamber, AMBER pmemd)",POPC,experimental,Yes,Yes,Yes,
Gi_7EW4,7EW4,Sphingosine 1-phosphate receptor 3,Q99500,,Gi/o,Guanine nucleotide-binding protein G(i) subunit al,"N,N-dicyclohexyl-5-cyclopropyl-1,2-oxazole-3-carboxamide",,3,500.0,1500.0,"CHARMM36 (chamber, AMBER pmemd)",POPC,experimental,Yes,Yes,Yes,
Gi_7EXD,7EXD,5-hydroxytryptamine receptor 1F,P30939,,Gi/o,Guanine nucleotide-binding protein G(i) subunit al,"2,4,6-tris(fluoranyl)-N-[6-(1-methylpiperidin-4-yl)carbonylpyridin-2-yl]benzamide",,3,500.0,1500.0,"CHARMM36 (chamber, AMBER pmemd)",POPC,experimental,Yes,Yes,Yes,
Gi_7EZH,7EZH,Cholecystokinin receptor type A,P32238,,Gi/o,Guanine nucleotide-binding protein G(i) subunit al,,,3,500.0,1500.0,"CHARMM36 (chamber, AMBER pmemd)",POPC,experimental,Yes,Yes,Yes,
Gi_7F1Q,7F1Q,C-C chemokine receptor type 5,P51681,CCR5,Gi/o,Guanine nucleotide-binding protein G(i) subunit al,,,3,500.0,1500.0,"CHARMM36 (chamber, AMBER pmemd)",POPC,experimental,Yes,Yes,Yes,
Gi_7F8V,7F8V,Gastrin/cholecystokinin type B receptor,P32239,,Gi/o,Guanine nucleotide-binding protein G(i) subunit al,,,3,500.0,1500.0,"CHARMM36 (chamber, AMBER pmemd)",POPC,experimental,Yes,Yes,Yes,
Gi_7JVR,7JVR,D(2) dopamine receptor,P14416,,Gi/o,Guanine nucleotide-binding protein G(i) subunit al,bromoergocryptine,,3,500.0,1500.0,"CHARMM36 (membrane-embedded, GROMACS)",POPC,experimental,Yes,Yes,No,1 temp/incomplete files (#-prefixed) present; TRR with vel+forces: prod1_now.trr
Gi_7NA7,7NA7,Growth hormone secretagogue receptor type 1,Q92847,,Gi/o,Guanine nucleotide-binding protein G(i) subunit al,1IC,,3,500.0,1500.0,"CHARMM36 (chamber, AMBER pmemd)",POPC,experimental,Yes,Yes,Yes,
Gi_7QVM,7QVM,Oxytocin receptor,P30559,,Gi/o,Guanine nucleotide-binding protein G(o) subunit al,CYM,,3,500.0,1500.0,"CHARMM36 (chamber, AMBER pmemd)",POPC,experimental,Yes,Yes,Yes,
Gi_7SQO,7SQO,Orexin receptor type 2,O43614,,Gi/o,Guanine nucleotide-binding protein G(i) subunit al,"methyl (2R,3S)-3-[(methanesulfonyl)amino]-2-({[(1s,4S)-4-phenylcyclohexyl]oxy}methyl)piperidine-1-carboxylate",,3,500.0,1500.0,"CHARMM36 (chamber, AMBER pmemd)",POPC,experimental,Yes,Yes,Yes,
Gi_7T10,7T10,Somatostatin receptor type 2,P30874,,Gi/o,Guanine nucleotide-binding protein G(i) subunit al,,,3,500.0,1500.0,"CHARMM36 (chamber, AMBER pmemd)",POPC,experimental,Yes,Yes,Yes,
Gi_7T96,7T96,Muscarinic acetylcholine receptor M2,P08172,,Gi/o,Guanine nucleotide-binding protein G(o) subunit al,"ACETYLCHOLINE/3-amino-5-chloro-N-cyclopropyl-4-methyl-6-[2-(4-methylpiperazin-1-yl)-2-oxoethoxy]thieno[2,3-b]pyridine-2-carboxamide",,3,500.0,1500.0,"CHARMM36 (chamber, AMBER pmemd)",POPC,experimental,Yes,Yes,Yes,
Gi_7TUZ,7TUZ,G-protein coupled receptor 183,P32249,,Gi/o,Guanine nucleotide-binding protein G(i) subunit al,"(2S,4aS,4bS,7R,8S,8aS,9R,10aR)-7-[(2R,3R)-7-hydroxy-3,7-dimethyloctan-2-yl]-4a,7,8-trimethyltetradecahydrophenanthrene-2,9-diol",,3,500.0,1500.0,"CHARMM36 (chamber, AMBER pmemd)",POPC,experimental,Yes,Yes,Yes,
Gi_7V68,7V68,Muscarinic acetylcholine receptor M4,P08173,,Gi/o,Guanine nucleotide-binding protein G(i) subunit al,"4-(4,5-dihydro-1,2-oxazol-3-yloxy)-N,N,N-trimethylbut-2-yn-1-aminium/3-amino-5-chloro-N-cyclopropyl-4-methyl-6-[2-(4-methylpiperazin-1-yl)-2-oxoethoxy]thieno[2,3-b]pyridine-2-carboxamide",,3,500.0,1500.0,"CHARMM36 (membrane-embedded, GROMACS)",POPC,experimental,Yes,Yes,No,nan; TRR with vel+forces: prod1_now.trr
Gi_7VDL,7VDL,Mas-related G-protein coupled receptor member X2,Q96LB1,,Gi/o,Guanine nucleotide-binding protein G(i) subunit al,,,3,500.0,1500.0,"CHARMM36 (chamber, AMBER pmemd)",POPC,experimental,Yes,Yes,Yes,
Gi_7VGZ,7VGZ,Melatonin receptor type 1A,P48039,,Gi/o,Guanine nucleotide-binding protein G(i) subunit al,"N-{2-[(8S)-1,6,7,8-tetrahydro-2H-indeno[5,4-b]furan-8-yl]ethyl}propanamide",,3,500.0,1500.0,"CHARMM36 (chamber, AMBER pmemd)",POPC,experimental,Yes,Yes,Yes,
Gi_7VH0,7VH0,Melatonin receptor type 1B,P49286,,Gi/o,Guanine nucleotide-binding protein G(i) subunit al,"N-{2-[(8S)-1,6,7,8-tetrahydro-2H-indeno[5,4-b]furan-8-yl]ethyl}propanamide",,3,500.0,1500.0,"CHARMM36 (chamber, AMBER pmemd)",POPC,experimental,Yes,Yes,Yes,
Gi_7VIF,7VIF,Sphingosine 1-phosphate receptor 1,P21453,,Gi/o,Guanine nucleotide-binding protein G(i) subunit al,(2~{S})-2-azanyl-4-(4-octylphenyl)-2-[[oxidanyl-bis(oxidanylidene)-$l^{6}-phosphanyl]oxymethyl]butan-1-ol,,3,500.0,1500.0,"CHARMM36 (chamber, AMBER pmemd)",POPC,experimental,Yes,Yes,Yes,
Gi_7VKT,7VKT,Leukotriene B4 receptor 1,Q15722,,Gi/o,Guanine nucleotide-binding protein G(i) subunit al,"LEUKOTRIENE B4/CHOLESTEROL HEMISUCCINATE/[(2R)-2-[(Z)-hexadec-9-enoyl]oxy-3-[oxidanyl-[(2S,3R,5R,6S)-2,3,4,5,6-pentakis(oxidanyl)cyclohexyl]oxy-phosphoryl]oxy-propyl] octadecanoate",,3,500.0,1500.0,"CHARMM36 (chamber, AMBER pmemd)",POPC,experimental,Yes,Yes,Yes,
Gi_7VL9,7VL9,C-C chemokine receptor type 1,P32246,,Gi/o,Guanine nucleotide-binding protein G(i) subunit al,,,3,500.0,1500.0,"CHARMM36 (chamber, AMBER pmemd)",POPC,experimental,Yes,Yes,Yes,
Gi_7VUG,7VUG,Probable G-protein coupled receptor 139,Q6DWJ6,,Gi/o,Guanine nucleotide-binding protein G(i) subunit al,3-chloranyl-N-[2-oxidanylidene-2-[[(1S)-1-phenylethyl]amino]ethyl]benzamide,,3,500.0,1500.0,"CHARMM36 (membrane-embedded, GROMACS)",POPC,experimental,Yes,Yes,No,4 temp/incomplete files (#-prefixed) present; TRR with vel+forces: prod1_now.trr
Gi_7W0N,7W0N,Apelin receptor,P35414,,Gi/o,Guanine nucleotide-binding protein G(i) subunit al,,,3,500.0,1500.0,"CHARMM36 (chamber, AMBER pmemd)",POPC,experimental,Yes,Yes,Yes,
Gi_7W6P,7W6P,Alpha-2A adrenergic receptor,P08913,,Gi/o,Guanine nucleotide-binding protein G(o) subunit al,N-pyridin-4-ylisoquinolin-4-amine,,3,500.0,1500.0,"CHARMM36 (chamber, AMBER pmemd)",POPC,experimental,Yes,Yes,Yes,
Gi_7WQ3,7WQ3,Galanin receptor type 1,P47211,,Gi/o,Guanine nucleotide-binding protein G(i) subunit al,,,3,500.0,1500.0,"CHARMM36 (chamber, AMBER pmemd)",POPC,experimental,Yes,Yes,Yes,
Gi_7WU9,7WU9,Prostaglandin E2 receptor EP3 subtype,P43115,,Gi/o,Guanine nucleotide-binding protein G(i) subunit al,,,3,500.0,1500.0,"CHARMM36 (chamber, AMBER pmemd)",POPC,experimental,Yes,Yes,Yes,
Gi_7WV9,7WV9,Cannabinoid receptor 1,P21554,,Gi/o,Guanine nucleotide-binding protein G(i) subunit al,"6-methyl-3-[(1S)-2-nitro-1-thiophen-2-yl-ethyl]-2-phenyl-1H-indole/2-[(1R,2R,5R)-5-hydroxy-2-(3-hydroxypropyl)cyclohexyl]-5-(2-methyloctan-2-yl)phenol",,3,500.0,1500.0,"CHARMM36 (chamber, AMBER pmemd)",POPC,experimental,Yes,Yes,Yes,
Gi_7WVU,7WVU,N-formyl peptide receptor 1,P21462,,Gi/o,Guanine nucleotide-binding protein G(i) subunit al,FME,,3,500.0,1500.0,"CHARMM36 (chamber, AMBER pmemd)",POPC,experimental,Yes,Yes,Yes,
Gi_7WVX,7WVX,N-formyl peptide receptor 2,P25090,,Gi/o,Guanine nucleotide-binding protein G(i) subunit al,,,3,500.0,1500.0,"CHARMM36 (chamber, AMBER pmemd)",POPC,experimental,Yes,Yes,Yes,
Gi_7X5H,7X5H,5-hydroxytryptamine receptor 5A,P47898,,Gi/o,Guanine nucleotide-binding protein G(i) subunit al,3-(2-azanylethyl)-1H-indole-5-carboxamide,,3,500.0,1500.0,"CHARMM36 (chamber, AMBER pmemd)",POPC,experimental,Yes,Yes,Yes,
Gi_7X9A,7X9A,Neuropeptide Y receptor type 1,P25929,,Gi/o,Guanine nucleotide-binding protein G(i) subunit al,,,3,500.0,1500.0,"CHARMM36 (chamber, AMBER pmemd)",POPC,experimental,Yes,Yes,Yes,
Gi_7X9C,7X9C,Neuropeptide Y receptor type 4,P50391,,Gi/o,Guanine nucleotide-binding protein G(i) subunit al,,,3,500.0,1500.0,"CHARMM36 (chamber, AMBER pmemd)",POPC,experimental,Yes,Yes,Yes,
Gi_7X9Y,7X9Y,C-C chemokine receptor type 3,P51677,,Gi/o,Guanine nucleotide-binding protein G(i) subunit al,,,3,500.0,1500.0,"CHARMM36 (chamber, AMBER pmemd)",POPC,experimental,Yes,Yes,Yes,
Gi_7XA3,7XA3,C-C chemokine receptor type 2,P41597,,Gi/o,Guanine nucleotide-binding protein G(i) subunit al,,,3,500.0,1500.0,"CHARMM36 (chamber, AMBER pmemd)",POPC,experimental,Yes,Yes,Yes,
Gi_7XBX,7XBX,CX3C chemokine receptor 1,P49238,,Gi/o,Guanine nucleotide-binding protein G(i) subunit al,,,3,500.0,1500.0,"CHARMM36 (chamber, AMBER pmemd)",POPC,experimental,Yes,Yes,Yes,
Gi_7XK2,7XK2,Hydroxycarboxylic acid receptor 2,Q8TDS4,,Gi/o,Guanine nucleotide-binding protein G(i) subunit al,"2-[[2,2-dimethyl-3-[3-(5-oxidanylpyridin-2-yl)-1,2,4-oxadiazol-5-yl]propanoyl]amino]cyclohexene-1-carboxylic acid",,3,500.0,1500.0,"CHARMM36 (chamber, AMBER pmemd)",POPC,experimental,Yes,Yes,Yes,
Gi_7XK8,7XK8,Neuromedin-U receptor 2,Q9GZQ4,,Gi/o,Guanine nucleotide-binding protein G(i) subunit al,,,3,500.0,1500.0,"CHARMM36 (chamber, AMBER pmemd)",POPC,experimental,Yes,Yes,Yes,
Gi_7XMS,7XMS,Somatostatin receptor type 4,P31391,,Gi/o,Guanine nucleotide-binding protein G(i) subunit al,,,3,500.0,1500.0,"CHARMM36 (chamber, AMBER pmemd)",POPC,experimental,Yes,Yes,Yes,
Gi_7XTA,7XTA,5-hydroxytryptamine receptor 4,Q13639,,Gi/o,Guanine nucleotide-binding protein G(i) subunit al,SEROTONIN,,3,500.0,1500.0,"CHARMM36 (chamber, AMBER pmemd)",POPC,experimental,Yes,Yes,Yes,
Gi_7XXI,7XXI,P2Y purinoceptor 12,Q9H244,P2RY12,Gi/o,Guanine nucleotide-binding protein G(i) subunit al,2-(methylsulfanyl)adenosine 5'-(trihydrogen diphosphate),,3,500.0,1500.0,"CHARMM36 (chamber, AMBER pmemd)",POPC,experimental,Yes,Yes,Yes,
Gi_7Y12,7Y12,Mas-related G-protein coupled receptor member D,Q8TDS7,,Gi/o,Guanine nucleotide-binding protein G(i) subunit al,BETA-ALANINE,,3,500.0,1500.0,"CHARMM36 (chamber, AMBER pmemd)",POPC,experimental,Yes,Yes,Yes,
Gi_7Y89,7Y89,Uracil nucleotide/cysteinyl leukotriene receptor,Q13304,,Gi/o,Guanine nucleotide-binding protein G(i) subunit al,,,3,500.0,1500.0,"CHARMM36 (chamber, AMBER pmemd)",POPC,experimental,Yes,Yes,Yes,
Gi_7YK6,7YK6,Relaxin-3 receptor 2,Q8TDU9,,Gi/o,Guanine nucleotide-binding protein G(i) subunit al,1-[2-(4-chlorophenyl)ethyl]-3-[(7-ethyl-5-oxidanyl-1H-indol-3-yl)methylideneamino]guanidine,,3,500.0,1500.0,"CHARMM36 (membrane-embedded, GROMACS)",POPC,experimental,Yes,Yes,No,1 temp/incomplete files (#-prefixed) present; TRR with vel+forces: prod1_now.trr
Gi_7YK7,7YK7,Relaxin-3 receptor 2,Q8TDU9,,Gi/o,Guanine nucleotide-binding protein G(i) subunit al,"[(1S)-7-ethoxy-6-methoxy-1-[2-(5-methoxy-1H-indol-3-yl)ethyl]-3,4-dihydro-1H-isoquinolin-2-yl]-morpholin-4-yl-methanone",,3,500.0,1500.0,"CHARMM36 (chamber, AMBER pmemd)",POPC,experimental,Yes,Yes,Yes,
Gi_7YKD,7YKD,Chemerin-like receptor 1,Q99788,,Gi/o,Guanine nucleotide-binding protein G(i) subunit al,,,3,500.0,1500.0,"CHARMM36 (chamber, AMBER pmemd)",POPC,experimental,Yes,Yes,Yes,
Gi_7YON,7YON,Neuropeptide Y receptor type 2,P49146,,Gi/o,Guanine nucleotide-binding protein G(i) subunit al,CYM,,3,500.0,1500.0,"CHARMM36 (chamber, AMBER pmemd)",POPC,experimental,Yes,Yes,Yes,
Gi_7YU8,7YU8,Lysophosphatidic acid receptor 1,Q92633,,Gi/o,Guanine nucleotide-binding protein G(i) subunit al,[(2~{R})-2-[5-(2-hexylphenyl)pentanoylamino]-3-oxidanyl-propyl] dihydrogen phosphate,,3,500.0,1500.0,"CHARMM36 (chamber, AMBER pmemd)",POPC,experimental,Yes,Yes,Yes,
Gi_8DZQ,8DZQ,Kappa-type opioid receptor,P41145,,Gi/o,Guanine nucleotide-binding protein G(o) subunit al,"methyl (2S,4aR,6aR,7R,9S,10aS,10bR)-2-(furan-3-yl)-9-(methoxymethoxy)-6a,10b-dimethyl-4,10-dioxododecahydro-2H-naphtho[2,1-c]pyran-7-carboxylate",,3,500.0,1500.0,"CHARMM36 (chamber, AMBER pmemd)",POPC,experimental,Yes,Yes,Yes,
Gi_8EFO,8EFO,Mu-type opioid receptor,P35372,,Gi/o,Guanine nucleotide-binding protein G(i) subunit al,N-[(2S)-2-(dimethylamino)-3-(4-hydroxyphenyl)propyl]-N'-[(2S)-1-(thiophen-3-yl)propan-2-yl]urea,,3,500.0,1500.0,"CHARMM36 (chamber, AMBER pmemd)",POPC,experimental,Yes,Yes,Yes,
Gi_8F7S,8F7S,Delta-type opioid receptor,P41143,,Gi/o,Guanine nucleotide-binding protein G(i) subunit al,,,3,500.0,1500.0,"CHARMM36 (chamber, AMBER pmemd)",POPC,experimental,Yes,Yes,Yes,
Gi_8HK2,8HK2,C3a anaphylatoxin chemotactic receptor,Q16581,,Gi/o,Guanine nucleotide-binding protein G(i) subunit al,CYM,,3,2.0,6.0,"CHARMM36 (chamber, AMBER pmemd)",POPC,experimental,Yes,Yes,Yes,
Gi_8HK5,8HK5,C5a anaphylatoxin chemotactic receptor 1,P21730,,Gi/o,Guanine nucleotide-binding protein G(i) subunit al,,,3,500.0,1500.0,"CHARMM36 (chamber, AMBER pmemd)",POPC,experimental,Yes,Yes,Yes,
Gi_8HQM,8HQM,Probable G-protein coupled receptor 132,Q9UNW8,,Gi/o,Guanine nucleotide-binding protein G(i) subunit al,N-PALMITOYLGLYCINE,,3,500.0,1500.0,"CHARMM36 (chamber, AMBER pmemd)",POPC,experimental,Yes,Yes,Yes,
Gi_8HS3,8HS3,G-protein coupled receptor 20,Q99678,,Gi/o,Guanine nucleotide-binding protein G(i) subunit al,,,3,500.0,1500.0,"CHARMM36 (chamber, AMBER pmemd)",POPC,experimental,Yes,Yes,Yes,
Gi_8IC0,8IC0,C-X-C chemokine receptor type 1,P25024,,Gi/o,Guanine nucleotide-binding protein G(i) subunit al,,,3,500.0,1500.0,"CHARMM36 (chamber, AMBER pmemd)",POPC,experimental,Yes,Yes,Yes,
Gi_8ID9,8ID9,Free fatty acid receptor 4,Q5NUL3,,Gi/o,Guanine nucleotide-binding protein G(i) subunit al,"5,8,11,14,17-EICOSAPENTAENOIC ACID",,3,500.0,1500.0,"CHARMM36 (chamber, AMBER pmemd)",POPC,experimental,Yes,Yes,Yes,
Gi_8IHJ,8IHJ,Hydroxycarboxylic acid receptor 3,P49019,,Gi/o,Guanine nucleotide-binding protein G(i) subunit al,(5~{S})-5-methyl-4-oxidanylidene-5-phenyl-furan-2-carboxylic acid,,3,500.0,1500.0,"CHARMM36 (chamber, AMBER pmemd)",POPC,experimental,Yes,Yes,Yes,
Gi_8IRU,8IRU,D(4) dopamine receptor,P21917,DRD4,Gi/o,Guanine nucleotide-binding protein G(i) subunit al,Rotigotine,,3,500.0,1500.0,"CHARMM36 (chamber, AMBER pmemd)",POPC,engineered_uncertain,Yes,Yes,Yes,
Gi_8IU2,8IU2,Long-wave-sensitive opsin 1,P04000,OPN1LW,Gi/o,Guanine nucleotide-binding protein G(i) subunit al,RETINAL,,3,500.0,1500.0,"CHARMM36 (chamber, AMBER pmemd)",POPC,experimental,Yes,Yes,Yes,
Gi_8IY5,8IY5,Endothelin receptor type B,P24530,,Gi/o,Guanine nucleotide-binding protein G(i) subunit al,,,3,500.0,1500.0,"CHARMM36 (chamber, AMBER pmemd)",POPC,experimental,Yes,Yes,Yes,
Gi_8J18,8J18,G-protein coupled receptor 84,Q9NQS5,,Gi/o,Guanine nucleotide-binding protein G(i) subunit al,(3R)-3-HYDROXYDODECANOIC ACID,,3,500.0,1500.0,"CHARMM36 (chamber, AMBER pmemd)",POPC,experimental,Yes,Yes,Yes,
Gi_8J21,8J21,Free fatty acid receptor 3,O14843,,Gi/o,Guanine nucleotide-binding protein G(i) subunit al,butanoic acid,,3,500.0,1500.0,"CHARMM36 (chamber, AMBER pmemd)",POPC,experimental,Yes,Yes,Yes,
Gi_8J22,8J22,Free fatty acid receptor 2,O15552,,Gi/o,Guanine nucleotide-binding protein G(i) subunit al,"(2R,4R)-2-(2-chlorophenyl)-3-[4-(3,5-dimethyl-1,2-oxazol-4-yl)phenyl]carbonyl-1,3-thiazolidine-4-carboxylic acid",,3,500.0,1500.0,"CHARMM36 (membrane-embedded, GROMACS)",POPC,experimental,Yes,Yes,No,nan; TRR with vel+forces: prod1_now.trr
Gi_8J6D,8J6D,C3a anaphylatoxin chemotactic receptor,Q16581,,Gi/o,Guanine nucleotide-binding protein G(o) subunit al,,,3,500.0,1500.0,"CHARMM36 (chamber, AMBER pmemd)",POPC,experimental,Yes,Yes,Yes,
Gi_8JZZ,8JZZ,C5a anaphylatoxin chemotactic receptor 1,P21730,,Gi/o,Guanine nucleotide-binding protein G(o) subunit al,,,3,500.0,1500.0,"CHARMM36 (chamber, AMBER pmemd)",POPC,experimental,Yes,Yes,Yes,
Gi_8K3Z,8K3Z,C-X-C chemokine receptor type 4,P61073,,Gi/o,Guanine nucleotide-binding protein G(i) subunit al,,,3,500.0,1500.0,"CHARMM36 (chamber, AMBER pmemd)",POPC,experimental,Yes,Yes,Yes,
Gi_8K6O,8K6O,Neuropeptide Y receptor type 1,P25929,,Gi/o,Guanine nucleotide-binding protein G(i) subunit al,,,3,500.0,1500.0,"CHARMM36 (chamber, AMBER pmemd)",POPC,experimental,Yes,Yes,Yes,
Gi_8KFX,8KFX,C-C chemokine receptor type 8,P51685,,Gi/o,Guanine nucleotide-binding protein G(i) subunit al,"8-[[3-(2-methoxyphenoxy)phenyl]methyl]-1-(2-phenylethyl)-1,3,8-triazaspiro[4.5]decan-4-one",,3,500.0,1500.0,"CHARMM36 (chamber, AMBER pmemd)",POPC,experimental,Yes,Yes,Yes,
Gi_8PJK,8PJK,5-hydroxytryptamine receptor 1A,P08908,,Gi/o,Guanine nucleotide-binding protein G(i) subunit al,"6-[3-[2-(2-methoxyphenoxy)ethylamino]propoxy]-4~{H}-1,4-benzoxazin-3-one/(2R)-1-(heptadecanoyloxy)-3-{[(R)-hydroxy{[(1R,2R,3R,4R,5S,6R)-2,3,5,6-tetrahydroxy-4-(phosphonooxy)cyclohexyl]oxy}phosphoryl]oxy}propan-2-yl (5Z,8Z,11Z,14Z)-icosa-5,8,11,14-tetraenoate",,3,500.0,1500.0,"CHARMM36 (chamber, AMBER pmemd)",POPC,experimental,Yes,Yes,Yes,
Gi_8UGY,8UGY,5-hydroxytryptamine receptor 1E,P28566,,Gi/o,Guanine nucleotide-binding protein G(i) subunit al,Mianserin,,3,500.0,1500.0,"CHARMM36 (chamber, AMBER pmemd)",POPC,experimental,Yes,Yes,Yes,
Gi_8WWH,8WWH,Melanin-concentrating hormone receptor 1,Q99705,,Gi/o,Guanine nucleotide-binding protein G(i) subunit al,,,3,500.0,1500.0,"CHARMM36 (chamber, AMBER pmemd)",POPC,experimental,Yes,Yes,Yes,
Gi_8X16,8X16,Adenosine receptor A3,P0DMS8,,Gi/o,Guanine nucleotide-binding protein G(i) subunit al,Piclidenoson,,3,500.0,1500.0,"CHARMM36 (membrane-embedded, GROMACS)",POPC,experimental,Yes,Yes,No,3 temp/incomplete files (#-prefixed) present; TRR with vel+forces: prod1_now.trr
Gi_8X8L,8X8L,Somatostatin receptor type 5,P35346,,Gi/o,Guanine nucleotide-binding protein G(i) subunit al,,,3,500.0,1500.0,"CHARMM36 (chamber, AMBER pmemd)",POPC,experimental,Yes,Yes,Yes,
Gi_8XGM,8XGM,Chemerin-like receptor 2,P46091,,Gi/o,Guanine nucleotide-binding protein G(i) subunit al,,,3,500.0,1500.0,"CHARMM36 (chamber, AMBER pmemd)",POPC,experimental,Yes,Yes,Yes,
Gi_8XIP,8XIP,Somatostatin receptor type 1,P30872,,Gi/o,Gαi,,,3,500.0,1500.0,"CHARMM36 (chamber, AMBER pmemd)",POPC,experimental,Yes,Yes,Yes,
Gi_8XIQ,8XIQ,Somatostatin receptor type 3,P32745,,Gi/o,Gαi,PEP,,3,500.0,1500.0,"CHARMM36 (chamber, AMBER pmemd)",POPC,experimental,Yes,Yes,Yes,
Gi_8XXU,8XXU,Prostaglandin D2 receptor 2,Q9Y5Y4,,Gi/o,Guanine nucleotide-binding protein G(i) subunit al,"[(2~{R})-1-hexadecanoyloxy-3-[oxidanyl-[(2~{S},3~{R},5~{R},6~{S})-2,3,4,5,6-pentakis(oxidanyl)cyclohexyl]oxy-phosphoryl]oxy-propan-2-yl] (~{Z})-octadec-9-enoate",,3,500.0,1500.0,"CHARMM36 (chamber, AMBER pmemd)",POPC,experimental,Yes,Yes,Yes,
Gi_8XYD,8XYD,Platelet-activating factor receptor,P25105,,Gi/o,Guanine nucleotide-binding protein G(i) subunit al,(2R)-2-(acetyloxy)-3-(hexadecyloxy)propyl 2-(trimethylammonio)ethyl phosphate,,3,500.0,1500.0,"CHARMM36 (chamber, AMBER pmemd)",POPC,experimental,Yes,Yes,Yes,
Gi_8XZI,8XZI,Apelin receptor,P35414,,Gi/o,Guanine nucleotide-binding protein G(i) subunit al,(3~{S})-5-methyl-3-[[1-pentan-3-yl-2-(thiophen-2-ylmethyl)benzimidazol-5-yl]carbonylamino]hexanoic acid,,3,500.0,1500.0,"CHARMM36 (chamber, AMBER pmemd)",POPC,experimental,Yes,Yes,Yes,
Gi_8YIC,8YIC,Sphingosine 1-phosphate receptor 1,P21453,,Gi/o,Guanine nucleotide-binding protein G(i) subunit al,SAR247799,,3,500.0,1500.0,"CHARMM36 (membrane-embedded, GROMACS)",POPC,experimental,Yes,Yes,No,2 temp/incomplete files (#-prefixed) present; TRR with vel+forces: prod1_now.trr
Gi_8YNA,8YNA,Histamine H4 receptor,Q9H3N8,,Gi/o,Guanine nucleotide-binding protein G(i) subunit al,4-(1H-imidazol-5-ylmethyl)piperidine,,3,500.0,1500.0,"CHARMM36 (chamber, AMBER pmemd)",POPC,experimental,Yes,Yes,Yes,
Gi_8ZQE,8ZQE,G-protein coupled receptor 15,P49685,GPR15,Gi/o,Guanine nucleotide-binding protein G(i) subunit al,,,3,500.0,1500.0,"CHARMM36 (chamber, AMBER pmemd)",POPC,engineered_uncertain,Yes,Yes,Yes,
Gi_9AST,9AST,Chemokine XC receptor 1,P46094,,Gi/o,Guanine nucleotide-binding protein G(i) subunit al,CYM,,3,500.0,1500.0,"CHARMM36 (chamber, AMBER pmemd)",POPC,experimental,Yes,Yes,Yes,
Gi_9IIX,9IIX,Taste receptor type 2 member 14,Q9NYV8,,Gi/o,Guanine nucleotide-binding protein mini g(s) subun,4-methyl-N-[(2M)-2-(1H-tetrazol-5-yl)phenyl]-6-(trifluoromethyl)pyrimidin-2-amine,,3,500.0,1500.0,"CHARMM36 (chamber, AMBER pmemd)",POPC,experimental,Yes,Yes,Yes,
Gi_9J5V,9J5V,Lysophosphatidic acid receptor 1,Q92633,,Gi/o,Guanine nucleotide-binding protein G(i) subunit al,CpY,,3,500.0,1500.0,"CHARMM36 (chamber, AMBER pmemd)",POPC,experimental,Yes,Yes,Yes,
Gq_6OIJ,6OIJ,Muscarinic acetylcholine receptor M1,P11229,,Gq/11,Guanine nucleotide-binding protein G(i) subunit al,"4-(4,5-dihydro-1,2-oxazol-3-yloxy)-N,N,N-trimethylbut-2-yn-1-aminium/CHOLESTEROL HEMISUCCINATE",,3,500.0,1500.0,"CHARMM36 (chamber, AMBER pmemd)",POPC,experimental,Yes,Yes,Yes,nan; API receptor_name='Muscarinic acetylcholine receptor M1' differs from existing
Gq_7DFL,7DFL,Histamine H1 receptor,P35367,,Gq/11,Guanine nucleotide-binding protein G(q) subunit al,HISTAMINE,,3,500.0,1500.0,"CHARMM36 (chamber, AMBER pmemd)",POPC,experimental,Yes,Yes,Yes,
Gq_7DWC,7DWC,Muscarinic acetylcholine receptor M1,P11229,CHRM1,Gq/11,Gαq,,,3,500.0,1500.0,"CHARMM36 (chamber, AMBER pmemd)",POPC,engineered_uncertain,Yes,Yes,Yes,
Gq_7E9W,7E9W,,,,Gq/11,Gαq,WEC,,3,500.0,1500.0,"CHARMM36 (chamber, AMBER pmemd)",POPC,experimental,Yes,Yes,No,
Gq_7EIB,7EIB,B1 bradykinin receptor,P46663,,Gq/11,Gαq,,,3,500.0,1500.0,"CHARMM36 (chamber, AMBER pmemd)",POPC,experimental,Yes,Yes,Yes,
Gq_7EZM,7EZM,Cholecystokinin receptor type A,P32238,,Gq/11,fusion protein of Guanine nucleotide-binding prote,,,3,500.0,1500.0,"CHARMM36 (chamber, AMBER pmemd)",POPC,engineered_uncertain,Yes,Yes,Yes,
Gq_7F2O,7F2O,B2 bradykinin receptor,P30411,,Gq/11,Gαq,,,3,500.0,1500.0,"CHARMM36 (chamber, AMBER pmemd)",POPC,experimental,Yes,Yes,Yes,
Gq_7F6G,7F6G,Angiotensin receptor AT1R,P30556,AGTR1,Gq/11,Guanine nucleotide-binding protein G(q) subunit al,2-acetamido-2-deoxy-beta-D-glucopyranose,,3,500.0,1500.0,"CHARMM36 (chamber, AMBER pmemd)",POPC,engineered_uncertain,Yes,Yes,Yes,
Gq_7F8W,7F8W,Gastrin/cholecystokinin type B receptor,P32239,,Gq/11,Guanine nucleotide-binding protein G(q) subunit al,,,3,500.0,1500.0,"CHARMM36 (chamber, AMBER pmemd)",POPC,experimental,Yes,Yes,Yes,
Gq_7F9Z,7F9Z,Growth hormone secretagogue receptor type 1,Q92847,,Gq/11,Gαq,DALA/DHSD/DLYS/DPHE/DTRP,,3,500.0,1500.0,"CHARMM36 (chamber, AMBER pmemd)",POPC,experimental,Yes,Yes,Yes,
Gq_7P00,7P00,Substance-P receptor,P25103,,Gq/11,Guanine nucleotide-binding protein G(i) subunit al,,,3,500.0,1500.0,"CHARMM36 (chamber, AMBER pmemd)",POPC,experimental,Yes,Yes,Yes,
Gq_7RAN,7RAN,5-hydroxytryptamine receptor 2A,P28223,,Gq/11,Gαq,"(3R)-3-methyl-5-(1H-pyrrolo[2,3-b]pyridin-3-yl)-1,2,3,6-tetrahydropyridin-1-ium",,3,500.0,1500.0,"CHARMM36 (chamber, AMBER pmemd)",POPC,experimental,No,Yes,No,
Gq_7RYC,7RYC,Oxytocin receptor,P30559,,Gq/11,Guanine nucleotide-binding protein G(I)/G(S)/G(O) ,CYM,,3,500.0,1500.0,"CHARMM36 (chamber, AMBER pmemd)",POPC,experimental,No,Yes,No,
Gq_7S8L,7S8L,Mas-related G-protein coupled receptor member X2,Q96LB1,,Gq/11,Gαq,,,3,500.0,1500.0,"CHARMM36 (chamber, AMBER pmemd)",POPC,experimental,Yes,Yes,Yes,
Gq_7S8P,7S8P,Mas-related G-protein coupled receptor member X4,Q96LA9,,Gq/11,Gαq,"N-[(1r,3R,5S,7R)-3,5-dimethyltricyclo[3.3.1.1~3,7~]decane-1-carbonyl]-D-phenylalanine",,3,500.0,1500.0,"CHARMM36 (chamber, AMBER pmemd)",POPC,experimental,Yes,Yes,Yes,
Gq_7SR8,7SR8,Orexin receptor type 2,O43614,,Gq/11,a modified Guanine nucleotide-binding protein G(q),"methyl (2R,3S)-3-[(methanesulfonyl)amino]-2-({[(1s,4S)-4-phenylcyclohexyl]oxy}methyl)piperidine-1-carboxylate",,3,500.0,1500.0,"CHARMM36 (chamber, AMBER pmemd)",POPC,experimental,Yes,Yes,Yes,
Gq_7SRR,7SRR,5-hydroxytryptamine receptor 2B,P41595,,Gq/11,Gαq,"(8alpha)-N,N-diethyl-6-methyl-9,10-didehydroergoline-8-carboxamide",,3,500.0,1500.0,"CHARMM36 (chamber, AMBER pmemd)",POPC,experimental,Yes,Yes,Yes,
Gq_7W3Z,7W3Z,Gastrin-releasing peptide receptor,P30550,,Gq/11,Guanine nucleotide-binding protein G(q) subunit al,,,3,500.0,1500.0,"CHARMM36 (chamber, AMBER pmemd)",POPC,experimental,Yes,Yes,Yes,
Gq_7W53,7W53,Neuromedin-U receptor 1,Q9HB89,,Gq/11,Guanine nucleotide-binding protein G(q) subunit al,,,3,500.0,1500.0,"CHARMM36 (chamber, AMBER pmemd)",POPC,experimental,Yes,Yes,Yes,
Gq_7W55,7W55,Neuromedin-U receptor 2,Q9GZQ4,,Gq/11,Guanine nucleotide-binding protein G(q) subunit al,,,3,500.0,1500.0,"CHARMM36 (chamber, AMBER pmemd)",POPC,experimental,Yes,Yes,Yes,
Gq_7XJL,7XJL,Galanin receptor type 2,O43603,,Gq/11,Guanine nucleotide-binding protein G(q) subunit al,,,3,500.0,1500.0,"CHARMM36 (chamber, AMBER pmemd)",POPC,experimental,Yes,Yes,Yes,
Gq_7XW9,7XW9,Thyrotropin-releasing hormone receptor,P34981,,Gq/11,Guanine nucleotide-binding protein G(q) subunit al,,,3,500.0,1500.0,"CHARMM36 (chamber, AMBER pmemd)",POPC,experimental,Yes,Yes,Yes,
Gq_7XWO,7XWO,Substance-K receptor,P21452,,Gq/11,Gαq,,,3,500.0,1500.0,"CHARMM36 (chamber, AMBER pmemd)",POPC,experimental,Yes,Yes,Yes,
Gq_7XXH,7XXH,P2Y purinoceptor 1,P47900,,Gq/11,Guanine nucleotide-binding protein G(11) subunit a,2-(methylsulfanyl)adenosine 5'-(trihydrogen diphosphate),,3,500.0,1500.0,"CHARMM36 (chamber, AMBER pmemd)",POPC,experimental,Yes,Yes,Yes,1 temp/incomplete files (#-prefixed) present
Gq_7Y26,7Y26,Somatostatin receptor type 2,P30874,,Gq/11,Engineered Guanine nucleotide-binding protein G(q),,,3,500.0,1500.0,"CHARMM36 (chamber, AMBER pmemd)",POPC,experimental,Yes,Yes,Yes,
Gq_8DPF,8DPF,5-hydroxytryptamine receptor 2C,P28335,,Gq/11,Gαi2,"(1R)-8-chloro-1-methyl-2,3,4,5-tetrahydro-1H-3-benzazepine",,3,500.0,1500.0,"CHARMM36 (membrane-embedded, GROMACS)",POPC,experimental,Yes,Yes,No,3 temp/incomplete files (#-prefixed) present; TRR with vel+forces: prod1_now.trr
Gq_8DWC,8DWC,Mas-related G-protein coupled receptor member X1,Q96LB2,,Gq/11,Gαq,,,3,500.0,1500.0,"CHARMM36 (chamber, AMBER pmemd)",POPC,experimental,Yes,Yes,Yes,
Gq_8E9W,8E9W,Muscarinic acetylcholine receptor M3,P20309,,Gq/11,Gαq,"11-(4-methylpiperazin-1-yl)-5H-dibenzo[b,e][1,4]diazepine",,3,500.0,1500.0,"CHARMM36 (chamber, AMBER pmemd)",POPC,experimental,Yes,Yes,No,
Gq_8EJC,8EJC,Free fatty acid receptor 1,O14842,,Gq/11,A modified Guanine nucleotide-binding protein G(q),"[(3S)-6-({2',6'-dimethyl-4'-[3-(methylsulfonyl)propoxy]biphenyl-3-yl}methoxy)-2,3-dihydro-1-benzofuran-3-yl]acetic acid",,3,500.0,1500.0,"CHARMM36 (chamber, AMBER pmemd)",POPC,experimental,Yes,Yes,Yes,
Gq_8F7X,8F7X,Nociceptin receptor,P41146,,Gq/11,Guanine nucleotide-binding protein G(i) subunit al,,,3,500.0,1500.0,"CHARMM36 (chamber, AMBER pmemd)",POPC,experimental,Yes,Yes,Yes,
Gq_8H0P,8H0P,Neuromedin-B receptor,P28336,,Gq/11,Gαq,,,3,500.0,1500.0,"CHARMM36 (chamber, AMBER pmemd)",POPC,experimental,Yes,Yes,Yes,
Gq_8HCQ,8HCQ,Endothelin receptor type B,P24530,EDNRB,Gq/11,Guanine nucleotide-binding protein G(q) subunit al,,,3,500.0,1500.0,"CHARMM36 (chamber, AMBER pmemd)",POPC,engineered_uncertain,Yes,Yes,Yes,
Gq_8HCX,8HCX,Endothelin receptor type B,P24530,EDNRB,Gq/11,Guanine nucleotide-binding protein G(q) subunit al,,,3,500.0,1500.0,"CHARMM36 (chamber, AMBER pmemd)",POPC,engineered_uncertain,Yes,Yes,Yes,
Gq_8IBV,8IBV,Motilin receptor,O43193,,Gq/11,Guanine nucleotide-binding protein G(q) subunit al,,,3,500.0,1500.0,"CHARMM36 (chamber, AMBER pmemd)",POPC,experimental,Yes,Yes,Yes,
Gq_8IUK,8IUK,Prostaglandin F2-alpha receptor,P43088,,Gq/11,Gαq,"(Z)-7-[(1R,2R,3R,5S)-3,5-bis(oxidanyl)-2-[(E,3S)-3-oxidanyloct-1-enyl]cyclopentyl]hept-5-enoic acid",,3,500.0,1500.0,"CHARMM36 (chamber, AMBER pmemd)",POPC,experimental,Yes,Yes,Yes,
Gq_8IYS,8IYS,Free fatty acid receptor 4,Q5NUL3,,Gq/11,Guanine nucleotide-binding protein G(q) subunit al,"GUANOSINE-5'-DIPHOSPHATE/3-{4-[(4-fluoro-4'-methyl[1,1'-biphenyl]-2-yl)methoxy]phenyl}propanoic acid",,3,500.0,1500.0,"CHARMM36 (chamber, AMBER pmemd)",POPC,experimental,Yes,Yes,Yes,
Gq_8J9N,8J9N,Frizzled-1,Q9UP38,,Gq/11,Guanine nucleotide-binding protein G(s) subunit al,,,6,500.0,3000.0,"CHARMM36 (chamber, AMBER pmemd)",POPC,experimental,No,Yes,No,
Gq_8JBG,8JBG,Neuromedin-K receptor,P29371,,Gq/11,Gαq,,,3,500.0,1500.0,"CHARMM36 (chamber, AMBER pmemd)",POPC,experimental,Yes,Yes,Yes,
Gq_8WST,8WST,Melanin-concentrating hormone receptor 2,Q969V1,,Gq/11,Guanine nucleotide-binding protein G(q) subunit al,,,3,500.0,1500.0,"CHARMM36 (chamber, AMBER pmemd)",POPC,experimental,Yes,Yes,Yes,
Gq_8WZ2,8WZ2,Pyroglutamylated RF-amide peptide receptor,Q96P65,,Gq/11,Gαq,,,3,500.0,1500.0,"CHARMM36 (chamber, AMBER pmemd)",POPC,experimental,Yes,Yes,Yes,
Gq_8XGS,8XGS,KiSS-1 receptor,Q969F8,,Gq/11,Guanine nucleotide-binding protein G(q) subunit al,,,3,500.0,1500.0,"CHARMM36 (chamber, AMBER pmemd)",POPC,experimental,Yes,Yes,Yes,
Gq_8XOJ,8XOJ,G-protein coupled estrogen receptor 1,Q99527,,Gq/11,Guanine nucleotide-binding protein G(q) subunit al,,,3,500.0,1500.0,"CHARMM36 (chamber, AMBER pmemd)",POPC,experimental,Yes,Yes,Yes,
Gq_8XOR,8XOR,Proteinase-activated receptor 1,P25116,,Gq/11,Gαq,,,3,500.0,1500.0,"CHARMM36 (chamber, AMBER pmemd)",POPC,experimental,Yes,Yes,Yes,
Gq_8Y53,8Y53,Bombesin receptor subtype-3,P32247,,Gq/11,Guanine nucleotide-binding protein G(q) subunit al,"(2~{S})-1,1,1-tris(fluoranyl)-2-(4-pyrazol-1-ylphenyl)-3-[5-[[1-(trifluoromethyl)cyclopropyl]methyl]-1~{H}-imidazol-2-yl]propan-2-ol",,3,500.0,1500.0,"CHARMM36 (chamber, AMBER pmemd)",POPC,experimental,Yes,Yes,Yes,
Gq_8ZPT,8ZPT,Prolactin-releasing peptide receptor,P49683,,Gq/11,Guanine nucleotide-binding protein G(324) subunit ,,,3,500.0,1500.0,"CHARMM36 (chamber, AMBER pmemd)",POPC,experimental,Yes,Yes,Yes,
Gs_3SN6,3SN6,Beta-2 adrenergic receptor,P07550,ADRB2,Gs,Guanine nucleotide-binding protein G(s) subunit al,"8-[(1R)-2-{[1,1-dimethyl-2-(2-methylphenyl)ethyl]amino}-1-hydroxyethyl]-5-hydroxy-2H-1,4-benzoxazin-3(4H)-one",,3,500.0,1500.0,"CHARMM36 (chamber, AMBER pmemd)",POPC,experimental,Yes,Yes,Yes,nan; API receptor_name='Beta-2 adrenergic receptor' differs from existing
Gs_6GDG,6GDG,Adenosine receptor A2a,P29274,ADORA2A,Gs,Guanine nucleotide-binding protein G(s) subunit al,N-ETHYL-5'-CARBOXAMIDO ADENOSINE,,3,500.0,1500.0,"CHARMM36 (chamber, AMBER pmemd)",POPC,experimental,Yes,Yes,Yes,nan; API receptor_name='Adenosine receptor A2a' differs from existing
Gs_6LI3,6LI3,G-protein coupled receptor 52,Q9Y2T5,,Gs,Guanine nucleotide-binding protein G(s) subunit al,,,3,500.0,1500.0,"CHARMM36 (chamber, AMBER pmemd)",POPC,experimental,Yes,Yes,Yes,
Gs_7CFN,7CFN,G-protein coupled bile acid receptor 1,Q8TDU6,,Gs,Guanine nucleotide-binding protein G(s) subunit al,"(2S,4R)-4-[(3R,5S,6R,7R,8R,9S,10S,12S,13R,14S,17R)-6-ethyl-10,13-dimethyl-3,7,12-tris(oxidanyl)-2,3,4,5,6,7,8,9,11,12,14,15,16,17-tetradecahydro-1H-cyclopenta[a]phenanthren-17-yl]-2-methyl-pentanoic acid",,3,500.0,1500.0,"CHARMM36 (chamber, AMBER pmemd)",POPC,experimental,Yes,Yes,Yes,
Gs_7CX2,7CX2,Prostaglandin E2 receptor EP2 subtype,P43116,,Gs,Guanine nucleotide-binding protein G(s) subunit al,"(Z)-7-[(1R,2R,3R)-3-hydroxy-2-[(E,3S)-3-hydroxyoct-1-enyl]-5-oxo-cyclopentyl]hept-5-enoic acid",,3,500.0,1500.0,"CHARMM36 (chamber, AMBER pmemd)",POPC,experimental,Yes,Yes,Yes,
Gs_7D7M,7D7M,Prostaglandin E2 receptor EP4 subtype,P35408,,Gs,Guanine nucleotide-binding protein G(s) subunit al,"(Z)-7-[(1R,2R,3R)-3-hydroxy-2-[(E,3S)-3-hydroxyoct-1-enyl]-5-oxo-cyclopentyl]hept-5-enoic acid",,3,500.0,1500.0,"CHARMM36 (chamber, AMBER pmemd)",POPC,experimental,Yes,Yes,Yes,
Gs_7F4H,7F4H,Melanocyte-stimulating hormone receptor,Q01726,,Gs,Guanine nucleotide-binding protein G(i) subunit al,CAL/CYM,,3,500.0,1500.0,"CHARMM36 (chamber, AMBER pmemd)",POPC,experimental,Yes,Yes,Yes,
Gs_7F54,7F54,Melanocortin receptor 4,P32245,,Gs,Isoform Gnas-2 of Guanine nucleotide-binding prote,CAL,,3,500.0,1500.0,"CHARMM36 (chamber, AMBER pmemd)",POPC,experimental,Yes,Yes,Yes,
Gs_7FIG,7FIG,Lutropin-choriogonadotropic hormone receptor,P22888,,Gs,Engineered guanine nucleotide-binding protein G(s),2-acetamido-2-deoxy-beta-D-glucopyranose,,3,500.0,1500.0,"CHARMM36 (chamber, AMBER pmemd)",POPC,experimental,Yes,Yes,Yes,
Gs_7JVQ,7JVQ,D(1A) dopamine receptor,P21728,DRD1,Gs,Gαs,"(6aR)-6-methyl-5,6,6a,7-tetrahydro-4H-dibenzo[de,g]quinoline-10,11-diol",,3,500.0,1500.0,"CHARMM36 (chamber, AMBER pmemd)",POPC,experimental,Yes,Yes,Yes,nan; API receptor_name='D(1A) dopamine receptor' differs from existing
Gs_7KH0,7KH0,Vasopressin V2 receptor,P30518,,Gs,Guanine nucleotide-binding protein G(i) subunit al,,,3,500.0,1500.0,"CHARMM36 (chamber, AMBER pmemd)",POPC,experimental,Yes,Yes,Yes,
Gs_7L1V,7L1V,Orexin receptor type 2,O43614,,Gs,Engineered Guanine nucleotide-binding protein subu,"4'-methoxy-N,N-dimethyl-3'-{[3-(2-{[2-(2H-1,2,3-triazol-2-yl)benzene-1-carbonyl]amino}ethyl)phenyl]sulfamoyl}[1,1'-biphenyl]-3-carboxamide",,3,500.0,1500.0,"CHARMM36 (chamber, AMBER pmemd)",POPC,experimental,Yes,Yes,Yes,
Gs_7MBX,7MBX,Cholecystokinin receptor type A,P32238,,Gs,Guanine nucleotide-binding protein G(s) subunit al,CHOLESTEROL HEMISUCCINATE,,3,500.0,1500.0,"CHARMM36 (chamber, AMBER pmemd)",POPC,experimental,Yes,Yes,Yes,
Gs_7RMH,7RMH,Substance-P receptor,P25103,,Gs,Guanine nucleotide-binding protein G(s) subunit al,,,3,500.0,1500.0,"CHARMM36 (chamber, AMBER pmemd)",POPC,experimental,Yes,Yes,Yes,
Gs_7T9N,7T9N,Thyrotropin receptor,P16473,,Gs,Guanine nucleotide-binding protein G(s) subunit al,"2-acetamido-2-deoxy-beta-D-glucopyranose/(2S)-3-hydroxypropane-1,2-diyl dihexadecanoate",,3,500.0,1500.0,"CHARMM36 (chamber, AMBER pmemd)",POPC,experimental,Yes,Yes,No,
Gs_7TMW,7TMW,Relaxin receptor 1,Q9HBX9,,Gs,"Relaxin receptor 1, Guanine nucleotide-binding pro",,,3,500.0,1500.0,"CHARMM36 (chamber, AMBER pmemd)",POPC,experimental,Yes,Yes,Yes,
Gs_7VUH,7VUH,Probable G-protein coupled receptor 139,Q6DWJ6,,Gs,Isoform Gnas-2 of Guanine nucleotide-binding prote,3-chloranyl-N-[2-oxidanylidene-2-[[(1S)-1-phenylethyl]amino]ethyl]benzamide,,3,500.0,1500.0,"CHARMM36 (membrane-embedded, GROMACS)",POPC,experimental,Yes,Yes,No,1 temp/incomplete files (#-prefixed) present; TRR with vel+forces: prod1_now.trr
Gs_7XT8,7XT8,5-hydroxytryptamine receptor 4,Q13639,,Gs,Guanine nucleotide-binding protein G(s) subunit al,SEROTONIN,,3,500.0,1500.0,"CHARMM36 (chamber, AMBER pmemd)",POPC,experimental,Yes,Yes,Yes,
Gs_7XTB,7XTB,5-hydroxytryptamine receptor 6,P50406,,Gs,Guanine nucleotide-binding protein G(s) subunit al,SEROTONIN,,3,500.0,1500.0,"CHARMM36 (chamber, AMBER pmemd)",POPC,experimental,Yes,Yes,Yes,
Gs_7XTC,7XTC,5-hydroxytryptamine receptor 7,P34969,,Gs,Guanine nucleotide-binding protein G(s) subunit al,3-(2-azanylethyl)-1H-indole-5-carboxamide,,3,500.0,1500.0,"CHARMM36 (chamber, AMBER pmemd)",POPC,experimental,Yes,Yes,Yes,
Gs_7XV3,7XV3,Probable G-protein coupled receptor 174,Q9BXC1,,Gs,Gαs,(2~{S})-2-$l^{4}-azanyl-3-[[(2~{R})-3-octadecanoyloxy-2-oxidanyl-propoxy]-oxidanyl-oxidanylidene-$l^{6}-phosphanyl]oxy-propanoic acid,,3,500.0,1500.0,"CHARMM36 (chamber, AMBER pmemd)",POPC,experimental,Yes,Yes,Yes,
Gs_7XZ5,7XZ5,Glucose-dependent insulinotropic receptor,Q8TDV5,,Gs,Guanine nucleotide-binding protein G(s) subunit al,"(4R,7R,18E)-4,7-dihydroxy-N,N,N-trimethyl-10-oxo-3,5,9-trioxa-4-phosphaheptacos-18-en-1-aminium 4-oxide",,3,500.0,1500.0,"CHARMM36 (chamber, AMBER pmemd)",POPC,experimental,Yes,Yes,Yes,
Gs_7Y3G,7Y3G,G-protein coupled receptor 12,P47775,,Gs,Guanine nucleotide-binding protein G(s) subunit al,CYM,,3,500.0,1500.0,"CHARMM36 (chamber, AMBER pmemd)",POPC,experimental,Yes,Yes,Yes,
Gs_8F76,8F76,Olfactory receptor 51E2,Q9H255,,Gs,Guanine nucleotide-binding protein G(s) subunit al,PROPANOIC ACID,,3,500.0,1500.0,"CHARMM36 (chamber, AMBER pmemd)",POPC,experimental,Yes,Yes,Yes,
Gs_8GY7,8GY7,Adrenocorticotropic hormone receptor,Q01718,,Gs,Guanine nucleotide-binding protein G(i) subunit al,CYM,,3,500.0,1500.0,"CHARMM36 (chamber, AMBER pmemd)",POPC,experimental,Yes,Yes,Yes,
Gs_8H4I,8H4I,Free fatty acid receptor 4,Q5NUL3,,Gs,engineered mini Galpha-S subunit,"DOCOSA-4,7,10,13,16,19-HEXAENOIC ACID",,3,500.0,1500.0,"CHARMM36 (chamber, AMBER pmemd)",POPC,experimental,Yes,Yes,Yes,
Gs_8HDP,8HDP,Adenosine receptor A2b,P29275,,Gs,Gαs,ADENOSINE,,3,500.0,1500.0,"CHARMM36 (chamber, AMBER pmemd)",POPC,experimental,Yes,Yes,Yes,
Gs_8HJ1,8HJ1,Probable G-protein coupled receptor 21,Q99679,,Gs,Guanine nucleotide-binding protein G(s) subunit al,,,3,500.0,1500.0,"CHARMM36 (chamber, AMBER pmemd)",POPC,experimental,Yes,Yes,Yes,
Gs_8HJ2,8HJ2,Probable G-protein coupled receptor 21,Q99679,,Gs,Guanine nucleotide-binding protein G(s) subunit al,,,3,500.0,1500.0,"CHARMM36 (chamber, AMBER pmemd)",POPC,experimental,Yes,Yes,Yes,
Gs_8HNK,8HNK,C-X-C chemokine receptor type 3,P49682,,Gs,Guanine nucleotide-binding protein G(i) subunit al,,,3,500.0,1500.0,"CHARMM36 (chamber, AMBER pmemd)",POPC,experimental,Yes,Yes,Yes,
Gs_8HTI,8HTI,Consensus Olfactory Receptor OR52c,,,Gs,Guanine nucleotide-binding protein G(s) subunit al,OCTANOIC ACID (CAPRYLIC ACID),,3,500.0,1500.0,"CHARMM36 (chamber, AMBER pmemd)",POPC,experimental,Yes,Yes,Yes,
Gs_8I2G,8I2G,Follicle-stimulating hormone receptor,P23945,,Gs,chimera of Guanine nucleotide-binding protein G(s),"2-acetamido-2-deoxy-beta-D-glucopyranose/N-tert-butyl-N-ethyl-8-methoxy-9-propan-2-yloxy-1-thiophen-2-yl-5,6-dihydroimidazo[5,1-a]isoquinoline-3-carboxamide",,3,500.0,1500.0,"CHARMM36 (chamber, AMBER pmemd)",POPC,engineered_uncertain,Yes,Yes,Yes,
Gs_8INR,8INR,Melanocortin receptor 5,P33032,,Gs,Guanine nucleotide-binding protein G(i) subunit al,CAL,,3,500.0,1500.0,"CHARMM36 (chamber, AMBER pmemd)",POPC,experimental,Yes,Yes,Yes,
Gs_8IOC,8IOC,Melanocortin receptor 3,P41968,,Gs,Guanine nucleotide-binding protein G(i) subunit al,CAL,,3,500.0,1500.0,"CHARMM36 (chamber, AMBER pmemd)",POPC,experimental,Yes,Yes,Yes,
Gs_8IRV,8IRV,D(1B) dopamine receptor,P21918,,Gs,Guanine nucleotide-binding protein G(s) subunit al,Rotigotine,,3,500.0,1500.0,"CHARMM36 (chamber, AMBER pmemd)",POPC,experimental,Yes,Yes,Yes,
Gs_8JPP,8JPP,Succinate receptor 1,Q9BXA5,,Gs,Guanine nucleotide-binding protein G(s) subunit al,SUCCINIC ACID,,3,500.0,1500.0,"CHARMM36 (chamber, AMBER pmemd)",POPC,experimental,Yes,Yes,Yes,
Gs_8KGK,8KGK,G-protein coupled receptor 61,Q9BZJ8,,Gs,Guanine nucleotide-binding protein G(olf) subunit ,,,3,500.0,1500.0,"CHARMM36 (chamber, AMBER pmemd)",POPC,experimental,Yes,Yes,Yes,
Gs_8KH5,8KH5,Probable G-protein coupled receptor 174,Q9BXC1,,Gs,Guanine nucleotide-binding protein G(s) subunit al,O-{HYDROXY[((2R)-2-HYDROXY-3-{[(1S)-1-HYDROXYPENTADECYL]OXY}PROPYL)OXY]PHOSPHORYL}-L-SERINE,,3,500.0,1500.0,"CHARMM36 (chamber, AMBER pmemd)",POPC,experimental,Yes,Yes,Yes,
Gs_8SMV,8SMV,G-protein coupled receptor 161,Q8N6U8,,Gs,Guanine nucleotide-binding protein G(s) subunit al,,,3,500.0,1500.0,"CHARMM36 (chamber, AMBER pmemd)",POPC,experimental,Yes,Yes,Yes,
Gs_8U8F,8U8F,G-protein coupled receptor 3,P46089,,Gs,Guanine nucleotide-binding protein G(s) subunit al,PLM,,3,500.0,1500.0,"CHARMM36 (chamber, AMBER pmemd)",POPC,experimental,Yes,Yes,Yes,
Gs_8W87,8W87,Trace amine-associated receptor 1,Q96RJ0,,Gs,Guanine nucleotide-binding protein G(s) subunit al,(2S)-N-methyl-1-phenylpropan-2-amine,,3,500.0,1500.0,"CHARMM36 (chamber, AMBER pmemd)",POPC,experimental,Yes,Yes,Yes,
Gs_8W8Q,8W8Q,Probable G-protein coupled receptor 101,Q96P66,,Gs,Guanine nucleotide-binding protein G(s) subunit al,,,3,500.0,1500.0,"CHARMM36 (chamber, AMBER pmemd)",POPC,experimental,Yes,Yes,Yes,
Gs_8WJX,8WJX,P2Y purinoceptor 1,P47900,P2RY1,Gs,GNAS complex locus,ADENOSINE-5'-DIPHOSPHATE,,3,500.0,1500.0,"CHARMM36 (chamber, AMBER pmemd)",POPC,experimental,Yes,Yes,Yes,
Gs_8X79,8X79,Prostacyclin receptor,P43119,,Gs,Guanine nucleotide-binding protein G(s) subunit al,"2-[4-[(5,6-diphenylpyrazin-2-yl)-propan-2-yl-amino]butoxy]ethanoic acid",,3,500.0,1500.0,"CHARMM36 (chamber, AMBER pmemd)",POPC,experimental,Yes,Yes,Yes,
Gs_8XVI,8XVI,Endothelin-1 receptor,P25101,,Gs,Isoform Gnas-2 of Guanine nucleotide-binding prote,,,3,500.0,1500.0,"CHARMM36 (chamber, AMBER pmemd)",POPC,experimental,Yes,Yes,Yes,
Gs_8YN2,8YN2,Histamine H1 receptor,P35367,,Gs,Engineered guanine nucleotide-binding protein G(q),HISTAMINE,,3,500.0,1500.0,"CHARMM36 (chamber, AMBER pmemd)",POPC,experimental,Yes,Yes,Yes,
Gs_8YUT,8YUT,Histamine H2 receptor,P25021,,Gs,Guanine nucleotide-binding protein G(s) subunit al,"5-(2-azanylethyl)-4-methyl-1,3-thiazol-2-amine",,3,500.0,1500.0,"CHARMM36 (chamber, AMBER pmemd)",POPC,experimental,Yes,Yes,Yes,
Gs_8YUV,8YUV,Histamine H3 receptor,Q9Y5N1,,Gs,Guanine nucleotide-binding protein G(i) subunit al,4-(1H-imidazol-5-ylmethyl)piperidine,,3,500.0,1500.0,"CHARMM36 (chamber, AMBER pmemd)",POPC,experimental,Yes,Yes,Yes,
Gs_9BLC,9BLC,Calcitonin receptor,P30988,,Gs,Guanine nucleotide-binding protein G(s) subunit al,,,3,500.0,1500.0,"CHARMM36 (chamber, AMBER pmemd)",POPC,experimental,Yes,Yes,Yes,
Gi_6LML,6LML,Glucagon receptor,P47871,GCGR,Gi/o,guanine nucleotide-binding protein g(i) subunit al,,,3,500.0,1500.0,CHARMM36 (via AMBER CHARMM-GUI),POPC,experimental,Yes,Yes,Yes,
Gi_7TS0,7TS0,Corticotropin-releasing factor receptor 2,Q13324,CRHR2,Gi/o,guanine nucleotide-binding protein g(i)/g(s)/g(t) ,,,3,500.0,1500.0,CHARMM36 (via AMBER CHARMM-GUI),POPC,experimental,Yes,Yes,Yes,
Gq_7TRY,7TRY,Corticotropin-releasing factor receptor 2,Q13324,CRHR2,Gq/11,guanine nucleotide-binding protein g(i)/g(s)/g(t) ,,,3,500.0,1500.0,CHARMM36 (via AMBER CHARMM-GUI),POPC,experimental,Yes,Yes,Yes,
Gs_6NBI,6NBI,Parathyroid hormone/parathyroid hormone-related peptide receptor,Q03431,PTH1R,Gs,guanine nucleotide-binding protein g(i)/g(s)/g(t) ,,,3,500.0,1500.0,CHARMM36 (via AMBER CHARMM-GUI),POPC,experimental,Yes,Yes,Yes,
Gs_6PB0,6PB0,Corticotropin-releasing factor receptor 1,P34998,CRHR1,Gs,guanine nucleotide-binding protein g(s) subunit al,,,3,500.0,1500.0,CHARMM36 (via AMBER CHARMM-GUI),POPC,experimental,Yes,Yes,Yes,
Gs_6PB1,6PB1,Corticotropin-releasing factor receptor 2,Q13324,CRHR2,Gs,guanine nucleotide-binding protein g(s) subunit al,,,3,500.0,1500.0,CHARMM36 (via AMBER CHARMM-GUI),POPC,experimental,Yes,Yes,Yes,
Gs_6UVA,6UVA,Calcitonin gene-related peptide type 1 receptor,Q16602,CALCRL,Gs,guanine nucleotide-binding protein g(s) subunit al,,,3,500.0,1500.0,CHARMM36 (via AMBER CHARMM-GUI),POPC,experimental,Yes,Yes,Yes,
Gs_6WZG,6WZG,Secretin receptor,P47872,SCTR,Gs,guanine nucleotide-binding protein g(s) subunit al,,,3,500.0,1500.0,CHARMM36 (via AMBER CHARMM-GUI),POPC,experimental,Yes,Yes,Yes,
Gs_7D68,7D68,Glucagon-like peptide 2 receptor,O95838,GLP2R,Gs,guanine nucleotide-binding protein g(s) subunit al,,,3,500.0,1500.0,CHARMM36 (via AMBER CHARMM-GUI),POPC,experimental,Yes,Yes,Yes,
Gs_7DUQ,7DUQ,Glucagon-like peptide 1 receptor,P43220,GLP1R,Gs,guanine nucleotide-binding protein g(s) subunit al,"N-tert-butyl-6,7-bis(chloranyl)quinoxalin-2-amine",,3,500.0,1500.0,CHARMM36 (via AMBER CHARMM-GUI),POPC,experimental,Yes,Yes,Yes,
Gs_7F16,7F16,Parathyroid hormone 2 receptor,P49190,PTH2R,Gs,guanine nucleotide-binding protein g(s) subunit al,,,3,500.0,1500.0,CHARMM36 (via AMBER CHARMM-GUI),POPC,experimental,Yes,Yes,Yes,
Gs_7FIN,7FIN,Gastric inhibitory polypeptide receptor,P48546,GIPR,Gs,guanine nucleotide-binding protein g(s) subunit al,GAMMA-L-GLUTAMIC ACID,,3,500.0,1500.0,CHARMM36 (via AMBER CHARMM-GUI),POPC,experimental,Yes,Yes,Yes,
Gs_7V9M,7V9M,GHRH receptor splice variant 1,Q9HB45,GHRHR,Gs,guanine nucleotide-binding protein g(s) subunit al,,,3,500.0,1500.0,CHARMM36 (via AMBER CHARMM-GUI),POPC,experimental,Yes,Yes,Yes,
Gs_7WBJ,7WBJ,Vasoactive intestinal polypeptide receptor 2,P41587,VIPR2,Gs,guanine nucleotide-binding protein g(i)/g(s)/g(t) ,,,3,500.0,1500.0,CHARMM36 (via AMBER CHARMM-GUI),POPC,experimental,Yes,Yes,Yes,
Gs_8E3X,8E3X,Pituitary adenylate cyclase-activating polypeptide type I receptor,P41586,ADCYAP1R1,Gs,guanine nucleotide-binding protein g(s) subunit al,,,3,500.0,1500.0,CHARMM36 (via AMBER CHARMM-GUI),POPC,experimental,Yes,Yes,Yes,
Gs_8E3Y,8E3Y,Vasoactive intestinal polypeptide receptor 1,P32241,VIPR1,Gs,guanine nucleotide-binding protein g(s) subunit al,,,3,500.0,1500.0,CHARMM36 (via AMBER CHARMM-GUI),POPC,experimental,Yes,Yes,Yes,
Gs_8F0J,8F0J,Calcitonin receptor,P30988,CALCR,Gs,guanine nucleotide-binding protein g(s) subunit al,N-hexadecanoyl-L-glutamic acid/2-acetamido-2-deoxy-beta-D-glucopyranose/PHOSPHATIDYLETHANOLAMINE/CHOLESTEROL HEMISUCCINATE/(2S)-2-{[(1R)-1-hydroxyhexadecyl]oxy}-3-{[(1R)-1-hydroxyoctadecyl]oxy}propyl 2-(trimethylammonio)ethyl phosphate,,3,500.0,1500.0,CHARMM36 (via AMBER CHARMM-GUI),POPC,experimental,Yes,Yes,Yes,
Gs_8FU6,8FU6,Glucagon receptor,P47871,GCGR,Gs,guanine nucleotide-binding protein g(s) subunit al,,,3,500.0,1500.0,CHARMM36 (via AMBER CHARMM-GUI),POPC,experimental,Yes,Yes,Yes,
G12_7SF7,7SF7,Adhesion G protein-coupled receptor L3,Q9HAR2,ADGRL3,G12/13,guanine nucleotide-binding protein g(i)/g(s)/g(t) ,,,3,500.0,1500.0,CHARMM36 (via AMBER CHARMM-GUI),POPC,experimental,Yes,Yes,Yes,
G12_7SF8,7SF8,Adhesion G-protein coupled receptor G1,Q9Y653,ADGRG1,G12/13,guanine nucleotide-binding protein g(i)/g(s)/g(t) ,,,3,500.0,1500.0,CHARMM36 (via AMBER CHARMM-GUI),POPC,experimental,Yes,Yes,No,
Gi_7D77,7D77,Adhesion G protein-coupled receptor G3,Q86Y34,ADGRG3,Gi/o,guanine nucleotide-binding protein g(i)/g(s)/g(t) ,"CHOLESTEROL HEMISUCCINATE/(11alpha,14beta)-11,17,21-trihydroxypregn-4-ene-3,20-dione",,3,500.0,1500.0,CHARMM36 (via AMBER CHARMM-GUI),POPC,engineered_uncertain,Yes,Yes,Yes,
Gq_7YDM,7YDM,Adhesion G protein-coupled receptor E5,P48960,ADGRE5,Gq/11,engineered mini-gaq,,,3,500.0,1500.0,CHARMM36 (via AMBER CHARMM-GUI),POPC,experimental,Yes,Yes,Yes,
Gs_7EQ1,7EQ1,Adhesion G-protein coupled receptor G5,Q8IZF4,ADGRG5,Gs,guanine nucleotide-binding protein g(i)/g(s)/g(t) ,,,3,500.0,1500.0,CHARMM36 (via AMBER CHARMM-GUI),POPC,experimental,Yes,Yes,Yes,
Gs_7WU2,7WU2,Adhesion G-protein coupled receptor D1,Q6QNK2,ADGRD1,Gs,guanine nucleotide-binding protein g(i)/g(s)/g(t) ,,,3,500.0,1500.0,CHARMM36 (via AMBER CHARMM-GUI),POPC,experimental,Yes,Yes,Yes,
Gs_7WU3,7WU3,Adhesion G-protein coupled receptor F1,Q5T601,ADGRF1,Gs,guanine nucleotide-binding protein g(i)/g(s)/g(t) ,[(2~{R})-2-oxidanyl-3-[oxidanyl-[2-(trimethyl-$l^{4}-azanyl)ethoxy]phosphoryl]oxy-propyl] hexadecanoate,,3,500.0,1500.0,CHARMM36 (via AMBER CHARMM-GUI),POPC,experimental,Yes,Yes,Yes,
Gs_7WUJ,7WUJ,Adhesion G-protein coupled receptor G4,Q8IZF6,ADGRG4,Gs,mini-gs,,,3,500.0,1500.0,CHARMM36 (via AMBER CHARMM-GUI),POPC,experimental,Yes,Yes,Yes,
