PDB ID,Receptor,G-protein family,Composite rank,α5 tilt (°),α5 insertion depth (Å),α5 buried SASA (Å²),Hook angle (°)
7L1V,OX2R,Gs,1,60.6,48.1,3,12.3
7Y26,SSTR2,Gq/11,1,60.0,44.0,12,7.0
8YN2,H1R,Gs,1,41.5,46.5,6,6.7
8WJX,P2Y1R,Gs,1,41.1,23.7,98,3.2
8H4I,FFAR4,Gs,1,66.7,47.3,3,8.9
7F8V,CCKBR,Gi/o,2,40.2,25.2,90,3.9
7QVM,OTR,Gi/o,2,60.6,25.9,87,2.5
7SR8,OX2R,Gq/11,2,68.0,48.2,5,7.1
7NA7,GHSR,Gi/o,2,51.2,24.6,90,1.2
7XTA,5-HT4R,Gi/o,2,54.9,27.2,67,6.4
7VDL,MRGPRX2,Gi/o,2,39.1,20.4,93,1.1
7XK8,NMUR2,Gi/o,2,31.6,22.8,91,1.9
7RMH,NK1R,Gs,2,57.1,27.0,82,2.6
8IY5,EDNRB,Gi/o,2,40.7,23.2,118,1.2
7P00,NK1R,Gq/11,3,62.9,50.8,0,6.2
8HCX,EDNRB,Gq/11,3,29.8,24.3,133,3.1
7XXH,P2Y1R,Gq/11,3,68.7,33.9,100,6.0
7DFL,H1R,Gq/11,3,47.0,26.2,96,2.4
7F8W,CCKBR,Gq/11,3,37.9,22.6,130,2.3
7T10,SSTR2,Gi/o,3,69.6,22.5,105,2.0
8HCQ,EDNRB,Gq/11,3,45.3,21.5,72,4.9
7SQO,OX2R,Gi/o,3,53.8,23.0,64,1.4
7XT8,5-HT4R,Gs,3,55.1,25.4,99,2.2
8IYS,FFAR4,Gq/11,3,33.2,20.8,104,1.8
7S8L,MRGPRX2,Gq/11,3,67.0,46.1,2,7.2
7F9Z,GHSR,Gq/11,3,73.1,50.4,1,7.4
7W55,NMUR2,Gq/11,3,72.1,48.3,1,6.6
