receptor,uniprot,contrast,pocket,ptype,pid,sign,zones,core,n_systems
CCKAR,P32238,Gi-Gq,D69,D,69,0,"{""tm_core_allosteric"": 5, ""intracellular_allosteric"": 1}",3.49x49;34.56x56;34.57x57;34.53x53;3.52x52;4.41x41;4.38x38,6
CCKAR,P32238,Gi-Gq,O8,O,8,1,"{""orthosteric"": 3}",6.55x55;6.51x51;5.42x43;5.43x44;5.39x40;5.47x47;6.52x52;6.59x59;6.56x56,3
CCKAR,P32238,Gi-Gq,O2,O,2,-1,"{""orthosteric"": 2}",7.35x34;7.32x31;7.39x38;2.65x64;2.61x60;7.33x32;1.32x32;1.29x29;7.36x35;1.26x26,2
CCKAR,P32238,Gi-Gq,D0,D,0,1,"{""tm_core_allosteric"": 27, ""intracellular_allosteric"": 2}",3.43x43;7.49x49;6.44x44;7.45x45;6.40x40;7.53x53;6.43x43;6.41x41;7.52x52;6.48x48;3.50x50;5.58x58,29
CCKBR,P32239,Gi-Gq,D69,D,69,1,"{""tm_core_allosteric"": 5, ""intracellular_allosteric"": 1}",3.49x49;34.56x56;34.57x57;34.53x53;3.52x52;4.41x41;4.38x38,6
CCKBR,P32239,Gi-Gq,D56,D,56,-1,"{""tm_core_allosteric"": 2}",4.45x45;4.49x49;4.48x48;4.44x44;4.41x41;3.49x49,2
CCKBR,P32239,Gi-Gq,D22,D,22,0,"{""tm_core_allosteric"": 20, ""intracellular_allosteric"": 10}",5.62x62;6.41x41;5.58x58;5.59x59;6.38x38;5.55x55;6.37x37;6.34x34,30
CCKBR,P32239,Gi-Gq,D0,D,0,1,"{""tm_core_allosteric"": 27, ""intracellular_allosteric"": 2}",3.43x43;7.49x49;6.44x44;7.45x45;6.40x40;7.53x53;6.43x43;6.41x41;7.52x52;6.48x48;3.50x50;5.58x58,29
GHSR,Q92847,Gi-Gq,O13,O,13,1,"{""orthosteric"": 2}",7.53x53;3.50x50;34.53x53;8.47x47;2.39x39;34.54x54;2.37x37;34.57x57;3.49x49;2.40x40;2.43x43;3.53x53;7.52x52;6.32x32;6.40x40;8.48x48;3.46x46;7.56x56;4.39x39;8.49x49;2.38x38;4.38x38,2
GHSR,Q92847,Gi-Gq,D22,D,22,-1,"{""tm_core_allosteric"": 20, ""intracellular_allosteric"": 10}",5.62x62;6.41x41;5.58x58;5.59x59;6.38x38;5.55x55;6.37x37;6.34x34,30
GHSR,Q92847,Gi-Gq,D0,D,0,0,"{""tm_core_allosteric"": 27, ""intracellular_allosteric"": 2}",3.43x43;7.49x49;6.44x44;7.45x45;6.40x40;7.53x53;6.43x43;6.41x41;7.52x52;6.48x48;3.50x50;5.58x58,29
OX2R,O43614,Gi-Gq,D18,D,18,-1,"{""intracellular_allosteric"": 2}",5.66x66;5.64x64;5.68x68;5.65x65;6.30x30;6.24x24;6.27x27;6.26x26;5.67x67;3.55x55;5.63x63;5.71x71,2
OX2R,O43614,Gi-Gq,O1,O,1,0,"{""orthosteric"": 49}",3.33x33;6.55x55;6.51x51;3.36x36;5.42x43;7.39x38;7.43x42;3.32x32;6.52x52;6.48x48;45.52x52;7.42x41;45.51x51;3.37x37;3.29x29;5.46x461;7.35x34;3.40x40;45.50x50;5.38x39;5.39x40;5.43x44;6.58x58;7.36x35;2.64x63;3.28x28,49
OX2R,O43614,Gi-Gs,D18,D,18,-1,"{""intracellular_allosteric"": 2}",5.66x66;5.64x64;5.68x68;5.65x65;6.30x30;6.24x24;6.27x27;6.26x26;5.67x67;3.55x55;5.63x63;5.71x71,2
OX2R,O43614,Gi-Gs,O1,O,1,0,"{""orthosteric"": 49}",3.33x33;6.55x55;6.51x51;3.36x36;5.42x43;7.39x38;7.43x42;3.32x32;6.52x52;6.48x48;45.52x52;7.42x41;45.51x51;3.37x37;3.29x29;5.46x461;7.35x34;3.40x40;45.50x50;5.38x39;5.39x40;5.43x44;6.58x58;7.36x35;2.64x63;3.28x28,49
OX2R,O43614,Gq-Gs,O1,O,1,0,"{""orthosteric"": 49}",3.33x33;6.55x55;6.51x51;3.36x36;5.42x43;7.39x38;7.43x42;3.32x32;6.52x52;6.48x48;45.52x52;7.42x41;45.51x51;3.37x37;3.29x29;5.46x461;7.35x34;3.40x40;45.50x50;5.38x39;5.39x40;5.43x44;6.58x58;7.36x35;2.64x63;3.28x28,49
SSTR2,P30874,Gi-Gq,O12,O,12,-1,"{""orthosteric"": 4}",45.50x50;7.36x35;7.32x31;2.64x64;2.63x63;7.39x38;23.49x49;7.35x34;3.29x29;2.60x60;45.51x51;23.50x50;2.67x67;6.58x58,4
SSTR2,P30874,Gi-Gq,D20,D,20,1,"{""extracellular_vestibule"": 2, ""tm_core_allosteric"": 1}",3.36x36;3.33x33;2.60x60;6.48x48;6.51x51;7.39x38;3.32x32;7.43x42;5.42x43;3.29x29;1.39x39;5.38x39;3.25x25;45.50x50;1.35x35;3.30x30;6.55x55;2.56x56;3.28x28;2.57x57;7.42x41;6.52x52;4.57x57;3.37x37;2.53x53,3
SSTR2,P30874,Gi-Gq,D11,D,11,1,"{""intracellular_allosteric"": 20, ""tm_core_allosteric"": 16}",4.45x45;2.42x42;3.45x45;3.48x48;3.49x49;4.41x41;3.52x52;3.44x44;4.42x42,36
SSTR2,P30874,Gi-Gq,D0,D,0,1,"{""tm_core_allosteric"": 27, ""intracellular_allosteric"": 2}",3.43x43;7.49x49;6.44x44;7.45x45;6.40x40;7.53x53;6.43x43;6.41x41;7.52x52;6.48x48;3.50x50;5.58x58,29
NMUR2,Q9GZQ4,Gi-Gq,O22,O,22,1,"{""orthosteric"": 2}",2.65x64;2.63x62;2.64x63;2.67x66;2.68x67;23.49x49;23.50x50;7.36x35;2.66x65;6.58x58,2
NMUR2,Q9GZQ4,Gi-Gq,D3,D,3,-1,"{""intracellular_allosteric"": 4}",6.29x29;6.25x25;6.32x32;6.30x30;6.26x26;6.28x28;7.56x56;6.33x33;6.27x27,4
NMUR2,Q9GZQ4,Gi-Gq,D16,D,16,-1,"{""tm_core_allosteric"": 6}",3.36x36;6.48x48;3.39x39;3.35x35;3.40x40;2.50x50;3.32x32;7.42x41;2.53x53;7.49x49;7.46x46;7.45x45;3.43x43;6.51x51;2.49x49;3.37x37;7.43x42;2.46x46,6
FFAR4,Q5NUL3,Gi-Gq,O1,O,1,0,"{""orthosteric"": 49}",3.33x33;6.55x55;6.51x51;3.36x36;5.42x43;7.39x38;7.43x42;3.32x32;6.52x52;6.48x48;45.52x52;7.42x41;45.51x51;3.37x37;3.29x29;5.46x461;7.35x34;3.40x40;45.50x50;5.38x39;5.39x40;5.43x44;6.58x58;7.36x35;2.64x63;3.28x28,49
FFAR4,Q5NUL3,Gi-Gq,D82,D,82,-1,"{""intracellular_allosteric"": 2}",3.49x49;4.42x42;3.50x50;3.53x53;3.52x52;3.48x48;2.38x38;1.57x57;2.43x43;3.46x46,2
FFAR4,Q5NUL3,Gi-Gq,D0,D,0,-1,"{""tm_core_allosteric"": 27, ""intracellular_allosteric"": 2}",3.43x43;7.49x49;6.44x44;7.45x45;6.40x40;7.53x53;6.43x43;6.41x41;7.52x52;6.48x48;3.50x50;5.58x58,29
FFAR4,Q5NUL3,Gi-Gs,D82,D,82,-1,"{""intracellular_allosteric"": 2}",3.49x49;4.42x42;3.50x50;3.53x53;3.52x52;3.48x48;2.38x38;1.57x57;2.43x43;3.46x46,2
FFAR4,Q5NUL3,Gi-Gs,D21,D,21,1,"{""intracellular_allosteric"": 3}",2.39x39;3.53x53;2.37x37;3.56x56;3.49x49,3
FFAR4,Q5NUL3,Gi-Gs,D11,D,11,1,"{""intracellular_allosteric"": 20, ""tm_core_allosteric"": 16}",4.45x45;2.42x42;3.45x45;3.48x48;3.49x49;4.41x41;3.52x52;3.44x44;4.42x42,36
FFAR4,Q5NUL3,Gi-Gs,O1,O,1,0,"{""orthosteric"": 49}",3.33x33;6.55x55;6.51x51;3.36x36;5.42x43;7.39x38;7.43x42;3.32x32;6.52x52;6.48x48;45.52x52;7.42x41;45.51x51;3.37x37;3.29x29;5.46x461;7.35x34;3.40x40;45.50x50;5.38x39;5.39x40;5.43x44;6.58x58;7.36x35;2.64x63;3.28x28,49
FFAR4,Q5NUL3,Gi-Gs,D9,D,9,1,"{""tm_core_allosteric"": 2, ""intracellular_allosteric"": 1}",6.40x41;6.43x44;2.50x50;7.53x53;3.43x43;7.52x52;3.50x50;7.49x49;3.46x46;2.46x46;3.40x40;6.41x42;7.54x54;3.42x42;6.39x40;3.47x47;6.48x48;6.44x45;6.45x46;3.39x39;7.46x46;7.45x45;6.47x47;5.58x58,3
FFAR4,Q5NUL3,Gi-Gs,D0,D,0,-1,"{""tm_core_allosteric"": 27, ""intracellular_allosteric"": 2}",3.43x43;7.49x49;6.44x44;7.45x45;6.40x40;7.53x53;6.43x43;6.41x41;7.52x52;6.48x48;3.50x50;5.58x58,29
FFAR4,Q5NUL3,Gq-Gs,D21,D,21,1,"{""intracellular_allosteric"": 3}",2.39x39;3.53x53;2.37x37;3.56x56;3.49x49,3
FFAR4,Q5NUL3,Gq-Gs,D11,D,11,1,"{""intracellular_allosteric"": 20, ""tm_core_allosteric"": 16}",4.45x45;2.42x42;3.45x45;3.48x48;3.49x49;4.41x41;3.52x52;3.44x44;4.42x42,36
FFAR4,Q5NUL3,Gq-Gs,O1,O,1,0,"{""orthosteric"": 49}",3.33x33;6.55x55;6.51x51;3.36x36;5.42x43;7.39x38;7.43x42;3.32x32;6.52x52;6.48x48;45.52x52;7.42x41;45.51x51;3.37x37;3.29x29;5.46x461;7.35x34;3.40x40;45.50x50;5.38x39;5.39x40;5.43x44;6.58x58;7.36x35;2.64x63;3.28x28,49
FFAR4,Q5NUL3,Gq-Gs,D9,D,9,1,"{""tm_core_allosteric"": 2, ""intracellular_allosteric"": 1}",6.40x41;6.43x44;2.50x50;7.53x53;3.43x43;7.52x52;3.50x50;7.49x49;3.46x46;2.46x46;3.40x40;6.41x42;7.54x54;3.42x42;6.39x40;3.47x47;6.48x48;6.44x45;6.45x46;3.39x39;7.46x46;7.45x45;6.47x47;5.58x58,3
EDNRB,P24530,Gi-Gq,O3,O,3,0,"{""orthosteric"": 5}",45.52x52;6.55x55;45.51x51;6.58x58;5.38x39;45.50x50;5.35x36;3.33x33;5.39x40;7.35x34,5
EDNRB,P24530,Gi-Gq,O22,O,22,-1,"{""orthosteric"": 2}",2.65x64;2.63x62;2.64x63;2.67x66;2.68x67;23.49x49;23.50x50;7.36x35;2.66x65;6.58x58,2
EDNRB,P24530,Gi-Gq,D7,D,7,1,"{""tm_core_allosteric"": 2, ""intracellular_allosteric"": 6}",3.49x49;2.38x38;2.42x42;4.45x45;4.42x42;3.52x52;2.39x39,8
EDNRB,P24530,Gi-Gq,D26,D,26,-1,"{""extracellular_vestibule"": 1, ""tm_core_allosteric"": 6}",8.54x54;7.51x51;1.48x48;7.50x50;1.49x49;1.52x52;7.55x55;1.53x53;1.50x50;7.54x54,7
EDNRB,P24530,Gi-Gq,D0,D,0,0,"{""tm_core_allosteric"": 27, ""intracellular_allosteric"": 2}",3.43x43;7.49x49;6.44x44;7.45x45;6.40x40;7.53x53;6.43x43;6.41x41;7.52x52;6.48x48;3.50x50;5.58x58,29
H1R,P35367,Gq-Gs,D37,D,37,-1,"{""tm_core_allosteric"": 2, ""intracellular_allosteric"": 1}",3.48x48;3.49x49;3.51x51;3.52x52;3.45x45;3.44x44,3
H1R,P35367,Gq-Gs,D11,D,11,1,"{""intracellular_allosteric"": 20, ""tm_core_allosteric"": 16}",4.45x45;2.42x42;3.45x45;3.48x48;3.49x49;4.41x41;3.52x52;3.44x44;4.42x42,36
H1R,P35367,Gq-Gs,D25,D,25,-1,"{""extracellular_vestibule"": 1, ""tm_core_allosteric"": 2}",6.54x54;7.43x42;7.40x39;7.35x34;6.51x51;7.38x37;7.39x38;7.42x41;7.36x35;7.33x32;6.48x48;2.61x60;45.50x50;7.34x33,3
H1R,P35367,Gq-Gs,O1,O,1,1,"{""orthosteric"": 49}",3.33x33;6.55x55;6.51x51;3.36x36;5.42x43;7.39x38;7.43x42;3.32x32;6.52x52;6.48x48;45.52x52;7.42x41;45.51x51;3.37x37;3.29x29;5.46x461;7.35x34;3.40x40;45.50x50;5.38x39;5.39x40;5.43x44;6.58x58;7.36x35;2.64x63;3.28x28,49
H1R,P35367,Gq-Gs,D5,D,5,1,"{""tm_core_allosteric"": 15, ""intracellular_allosteric"": 3}",3.41x41;3.44x44;5.53x53;3.45x45;5.49x49;5.50x50;3.48x48;4.49x49,18
NK1R,P25103,Gq-Gs,O5,O,5,-1,"{""orthosteric"": 2}",3.53x53;3.52x52;4.45x45;3.48x48;3.49x49;4.38x38;3.56x56;6.29x29;8.48x48;2.39x39;8.52x52;8.49x49;2.38x38;3.44x44;3.50x50;4.42x42;3.51x51;3.45x45;3.41x41;3.54x54;2.42x42,2
NK1R,P25103,Gq-Gs,D19,D,19,1,"{""tm_core_allosteric"": 5, ""intracellular_allosteric"": 1}",2.41x41;2.45x45;2.44x44;4.46x46;4.50x50;1.58x58;1.54x54;1.57x57,6
NK1R,P25103,Gq-Gs,D22,D,22,0,"{""tm_core_allosteric"": 20, ""intracellular_allosteric"": 10}",5.62x62;6.41x41;5.58x58;5.59x59;6.38x38;5.55x55;6.37x37;6.34x34,30
NK1R,P25103,Gq-Gs,D0,D,0,-1,"{""tm_core_allosteric"": 27, ""intracellular_allosteric"": 2}",3.43x43;7.49x49;6.44x44;7.45x45;6.40x40;7.53x53;6.43x43;6.41x41;7.52x52;6.48x48;3.50x50;5.58x58,29
P2Y1R,P47900,Gq-Gs,D38,D,38,1,"{""tm_core_allosteric"": 2}",4.57x57;5.38x39;3.33x33;4.60x60;3.37x37;5.42x43;4.56x56;4.59x59;5.43x44;5.35x36;6.55x55;6.51x51;6.52x52;5.39x40;6.56x56;45.52x52,2
P2Y1R,P47900,Gq-Gs,D8,D,8,-1,"{""tm_core_allosteric"": 2, ""intracellular_allosteric"": 3}",2.41x41;1.57x57;2.40x40;2.44x44;2.37x37,5
P2Y1R,P47900,Gq-Gs,O12,O,12,1,"{""orthosteric"": 4}",45.50x50;7.36x35;7.32x31;2.64x64;2.63x63;7.39x38;23.49x49;7.35x34;3.29x29;2.60x60;45.51x51;23.50x50;2.67x67;6.58x58,4
P2Y1R,P47900,Gq-Gs,D23,D,23,-1,"{""extracellular_vestibule"": 2, ""tm_core_allosteric"": 1}",7.43x42;2.50x50;3.36x36;7.44x43;2.54x54;2.57x57;7.42x41;1.42x42;7.46x46;7.47x47;7.45x45;2.53x53;7.40x39;2.51x51;1.39x39;7.36x35;7.39x38;3.32x32;1.43x43;6.48x48;1.38x38;1.46x46;1.41x41;1.40x40;3.39x39,3
CRHR2,Q13324,Gi-Gs,D1,D,1,1,"{""intracellular_allosteric"": 4}",2.50x50;8.47x47;7.57x57;6.48x48;7.56x56;2.46x46;6.45x45;2.47x47;3.50x50;6.44x44;7.58x58;1.61x61;3.54x54;6.43x43;8.48x48;8.49x49;2.49x49;6.41x41,4
CRHR2,Q13324,Gi-Gs,D70,D,70,-1,"{""intracellular_allosteric"": 2}",8.57x57;8.53x53;8.56x56;8.60x60;8.52x52;1.63x63;8.54x54;8.58x58;8.55x55,2
CRHR2,Q13324,Gi-Gs,O9,O,9,1,"{""orthosteric"": 2}",5.39x39;3.37x37;4.64x64;4.60x60;4.68x68;45.51x51;5.36x37;5.40x40;5.37x38;4.67x67;45.52x52;45.50x50;3.36x36;3.33x33;3.30x30;1.36x36;2.67x67;3.40x40;5.32x33;5.38x381;5.35x36;5.34x35;5.33x34;5.43x43,2
CRHR2,Q13324,Gi-Gs,O10,O,10,-1,"{""orthosteric"": 4}",3.44x44;6.53x53;5.43x43;7.46x45;5.40x40;3.40x40;2.60x60;5.47x47;6.57x57;7.42x41;5.44x44;6.56x56;5.39x39;7.38x37;6.58x58,4
