system_id,record_type,source_filename,source_parent,source_exists_at_audit,size_bytes_at_audit,release_replicas,replicas_n,length_per_replica_ns,total_sampling_ns,record_scope
G12_7SF7,production_trajectory,traj1.nc,7SF7,True,1698280828,rep1|rep2|rep3,3,500.0,1500.0,source-inventory evidence; not a deposited file-level manifest
G12_7SF7,topology,now.prmtop,7SF7,True,26517578,rep1|rep2|rep3,3,500.0,1500.0,source-inventory evidence; not a deposited file-level manifest
G12_7SF8,production_trajectory,traj1.nc,7SF8,True,1662880828,rep1|rep2|rep3,3,500.0,1500.0,source-inventory evidence; not a deposited file-level manifest
G12_7SF8,topology,now.prmtop,7SF8,True,24711413,rep1|rep2|rep3,3,500.0,1500.0,source-inventory evidence; not a deposited file-level manifest
G12_7T6B,production_trajectory,prod2_now.nc,7T6B,True,23202881056,rep1|rep2|rep3,3,500.0,1500.0,source-inventory evidence; not a deposited file-level manifest
G12_7T6B,topology,now.prmtop,7T6B,True,25915251,rep1|rep2|rep3,3,500.0,1500.0,source-inventory evidence; not a deposited file-level manifest
G12_8IKL,production_trajectory,prod2_now.nc,8IKL,True,22099841056,rep1|rep2|rep3,3,500.0,1500.0,source-inventory evidence; not a deposited file-level manifest
G12_8IKL,topology,now.prmtop,8IKL,True,24714430,rep1|rep2|rep3,3,500.0,1500.0,source-inventory evidence; not a deposited file-level manifest
G12_8KGG,production_trajectory,prod2_now.nc,8KGG,True,22387841056,rep1|rep2|rep3,3,500.0,1500.0,source-inventory evidence; not a deposited file-level manifest
G12_8KGG,topology,now.prmtop,8KGG,True,25109651,rep1|rep2|rep3,3,500.0,1500.0,source-inventory evidence; not a deposited file-level manifest
G12_9IY8,production_trajectory,prod2_now.nc,9IY8,True,23221241056,rep1|rep2|rep3,3,500.0,1500.0,source-inventory evidence; not a deposited file-level manifest
G12_9IY8,topology,now.prmtop,9IY8,True,25899515,rep1|rep2|rep3,3,500.0,1500.0,source-inventory evidence; not a deposited file-level manifest
Gi_6CMO,production_trajectory,prod2_now.nc,6CMO,True,22924961056,rep1|rep2|rep3,3,500.0,1500.0,source-inventory evidence; not a deposited file-level manifest
Gi_6CMO,topology,gpcr_g_ligand.prmtop,6CMO,True,6600701,rep1|rep2|rep3,3,500.0,1500.0,source-inventory evidence; not a deposited file-level manifest
Gi_6D9H,production_trajectory,prod2_now.nc,6D9H,True,22868801056,rep1|rep2|rep3,3,500.0,1500.0,source-inventory evidence; not a deposited file-level manifest
Gi_6D9H,topology,gpcr_g_ligand.prmtop,6D9H,True,6674371,rep1|rep2|rep3,3,500.0,1500.0,source-inventory evidence; not a deposited file-level manifest
Gi_6G79,production_trajectory,prod2_now.nc,6G79,True,23234201056,rep1|rep2|rep3,3,500.0,1500.0,source-inventory evidence; not a deposited file-level manifest
Gi_6G79,topology,gpcr_g_ligand.prmtop,6G79,True,6736767,rep1|rep2|rep3,3,500.0,1500.0,source-inventory evidence; not a deposited file-level manifest
Gi_6K42,production_trajectory,prod2_now.nc,6K42,True,24738281056,rep1|rep2|rep3,3,500.0,1500.0,source-inventory evidence; not a deposited file-level manifest
Gi_6K42,topology,gpcr_g_ligand.prmtop,6K42,True,7218749,rep1|rep2|rep3,3,500.0,1500.0,source-inventory evidence; not a deposited file-level manifest
Gi_6LFO,production_trajectory,prod2_now.nc,6LFO,True,23273441056,rep1|rep2|rep3,3,500.0,1500.0,source-inventory evidence; not a deposited file-level manifest
Gi_6LFO,topology,gpcr_g_ligand.prmtop,6LFO,True,7030766,rep1|rep2|rep3,3,500.0,1500.0,source-inventory evidence; not a deposited file-level manifest
Gi_6LML,production_trajectory,traj1.nc,6LML,True,2113000828,rep1|rep2|rep3,3,500.0,1500.0,source-inventory evidence; not a deposited file-level manifest
Gi_6LML,topology,now.prmtop,6LML,True,27725269,rep1|rep2|rep3,3,500.0,1500.0,source-inventory evidence; not a deposited file-level manifest
Gi_6OSA,production_trajectory,prod2_now.nc,6OSA,True,24260201056,rep1|rep2|rep3,3,500.0,1500.0,source-inventory evidence; not a deposited file-level manifest
Gi_6OSA,topology,gpcr_g_ligand.prmtop,6OSA,True,6611399,rep1|rep2|rep3,3,500.0,1500.0,source-inventory evidence; not a deposited file-level manifest
Gi_6PT0,production_trajectory,prod2_now.nc,6PT0,True,22782761056,rep1|rep2|rep3,3,500.0,1500.0,source-inventory evidence; not a deposited file-level manifest
Gi_6PT0,topology,gpcr_g_ligand.prmtop,6PT0,True,6578915,rep1|rep2|rep3,3,500.0,1500.0,source-inventory evidence; not a deposited file-level manifest
Gi_6WWZ,production_trajectory,prod2_now.nc,6WWZ,True,23440481056,rep1|rep2|rep3,3,500.0,1500.0,source-inventory evidence; not a deposited file-level manifest
Gi_6WWZ,topology,gpcr_g_ligand.prmtop,6WWZ,True,7029226,rep1|rep2|rep3,3,500.0,1500.0,source-inventory evidence; not a deposited file-level manifest
Gi_7CMV,production_trajectory,prod2_now.nc,7CMV,True,23398361056,rep1|rep2|rep3,3,500.0,1500.0,source-inventory evidence; not a deposited file-level manifest
Gi_7CMV,topology,gpcr_g_ligand.prmtop,7CMV,True,6855333,rep1|rep2|rep3,3,500.0,1500.0,source-inventory evidence; not a deposited file-level manifest
Gi_7D77,production_trajectory,traj1.nc,7D77,True,1904680828,rep1|rep2|rep3,3,500.0,1500.0,source-inventory evidence; not a deposited file-level manifest
Gi_7D77,topology,now.prmtop,7D77,True,25642980,rep1|rep2|rep3,3,500.0,1500.0,source-inventory evidence; not a deposited file-level manifest
Gi_7E2X,production_trajectory,prod2_now.nc,7E2X,True,23225561056,rep1|rep2|rep3,3,500.0,1500.0,source-inventory evidence; not a deposited file-level manifest
Gi_7E2X,topology,gpcr_g_ligand.prmtop,7E2X,True,6828755,rep1|rep2|rep3,3,500.0,1500.0,source-inventory evidence; not a deposited file-level manifest
Gi_7E32,production_trajectory,prod2_now.nc,7E32,True,24511121056,rep1|rep2|rep3,3,500.0,1500.0,source-inventory evidence; not a deposited file-level manifest
Gi_7E32,topology,gpcr_g_ligand.prmtop,7E32,True,6637073,rep1|rep2|rep3,3,500.0,1500.0,source-inventory evidence; not a deposited file-level manifest
Gi_7E33,production_trajectory,prod2_now.nc,7E33,True,25055081056,rep1|rep2|rep3,3,500.0,1500.0,source-inventory evidence; not a deposited file-level manifest
Gi_7E33,topology,gpcr_g_ligand.prmtop,7E33,True,6764376,rep1|rep2|rep3,3,500.0,1500.0,source-inventory evidence; not a deposited file-level manifest
Gi_7EJX,production_trajectory,prod2_now.nc,7EJX,True,23143481056,rep1|rep2|rep3,3,500.0,1500.0,source-inventory evidence; not a deposited file-level manifest
Gi_7EJX,topology,gpcr_g_ligand.prmtop,7EJX,True,6475690,rep1|rep2|rep3,3,500.0,1500.0,source-inventory evidence; not a deposited file-level manifest
Gi_7EW1,production_trajectory,prod2_now.nc,7EW1,True,22842881056,rep1|rep2|rep3,3,500.0,1500.0,source-inventory evidence; not a deposited file-level manifest
Gi_7EW1,topology,gpcr_g_ligand.prmtop,7EW1,True,6565087,rep1|rep2|rep3,3,500.0,1500.0,source-inventory evidence; not a deposited file-level manifest
Gi_7EW4,production_trajectory,prod2_now.nc,7EW4,True,22750361056,rep1|rep2|rep3,3,500.0,1500.0,source-inventory evidence; not a deposited file-level manifest
Gi_7EW4,topology,gpcr_g_ligand.prmtop,7EW4,True,6596020,rep1|rep2|rep3,3,500.0,1500.0,source-inventory evidence; not a deposited file-level manifest
Gi_7EXD,production_trajectory,prod2_now.nc,7EXD,True,24449921056,rep1|rep2|rep3,3,500.0,1500.0,source-inventory evidence; not a deposited file-level manifest
Gi_7EXD,topology,gpcr_g_ligand.prmtop,7EXD,True,6897981,rep1|rep2|rep3,3,500.0,1500.0,source-inventory evidence; not a deposited file-level manifest
Gi_7EZH,production_trajectory,prod2_now.nc,7EZH,True,24793361056,rep1|rep2|rep3,3,500.0,1500.0,source-inventory evidence; not a deposited file-level manifest
Gi_7EZH,topology,gpcr_g_ligand.prmtop,7EZH,True,6793975,rep1|rep2|rep3,3,500.0,1500.0,source-inventory evidence; not a deposited file-level manifest
Gi_7F1Q,production_trajectory,prod2_now.nc,7F1Q,True,23316641056,rep1|rep2|rep3,3,500.0,1500.0,source-inventory evidence; not a deposited file-level manifest
Gi_7F1Q,topology,gpcr_g_ligand.prmtop,7F1Q,True,6594954,rep1|rep2|rep3,3,500.0,1500.0,source-inventory evidence; not a deposited file-level manifest
Gi_7F8V,production_trajectory,prod2_now.nc,7F8V,True,24615161056,rep1|rep2|rep3,3,500.0,1500.0,source-inventory evidence; not a deposited file-level manifest
Gi_7F8V,topology,gpcr_g_ligand.prmtop,7F8V,True,6384850,rep1|rep2|rep3,3,500.0,1500.0,source-inventory evidence; not a deposited file-level manifest
Gi_7NA7,production_trajectory,prod2_now.nc,7NA7,True,22859081056,rep1|rep2|rep3,3,500.0,1500.0,source-inventory evidence; not a deposited file-level manifest
Gi_7NA7,topology,gpcr_g_ligand.prmtop,7NA7,True,6680425,rep1|rep2|rep3,3,500.0,1500.0,source-inventory evidence; not a deposited file-level manifest
Gi_7QVM,production_trajectory,prod2_now.nc,7QVM,True,22998761056,rep1|rep2|rep3,3,500.0,1500.0,source-inventory evidence; not a deposited file-level manifest
Gi_7QVM,topology,gpcr_g_ligand.prmtop,7QVM,True,6484843,rep1|rep2|rep3,3,500.0,1500.0,source-inventory evidence; not a deposited file-level manifest
Gi_7SQO,production_trajectory,prod2_now.nc,7SQO,True,23065001056,rep1|rep2|rep3,3,500.0,1500.0,source-inventory evidence; not a deposited file-level manifest
Gi_7SQO,topology,gpcr_g_ligand.prmtop,7SQO,True,6594321,rep1|rep2|rep3,3,500.0,1500.0,source-inventory evidence; not a deposited file-level manifest
Gi_7T10,production_trajectory,prod2_now.nc,7T10,True,24452081056,rep1|rep2|rep3,3,500.0,1500.0,source-inventory evidence; not a deposited file-level manifest
Gi_7T10,topology,gpcr_g_ligand.prmtop,7T10,True,6413574,rep1|rep2|rep3,3,500.0,1500.0,source-inventory evidence; not a deposited file-level manifest
Gi_7T96,production_trajectory,prod2_now.nc,7T96,True,32693921056,rep1|rep2|rep3,3,500.0,1500.0,source-inventory evidence; not a deposited file-level manifest
Gi_7T96,topology,gpcr_g_ligand.prmtop,7T96,True,7267096,rep1|rep2|rep3,3,500.0,1500.0,source-inventory evidence; not a deposited file-level manifest
Gi_7TS0,production_trajectory,traj1.nc,7TS0,True,2250160828,rep1|rep2|rep3,3,500.0,1500.0,source-inventory evidence; not a deposited file-level manifest
Gi_7TS0,topology,now.prmtop,7TS0,True,30189319,rep1|rep2|rep3,3,500.0,1500.0,source-inventory evidence; not a deposited file-level manifest
Gi_7TUZ,production_trajectory,prod2_now.nc,7TUZ,True,22892201056,rep1|rep2|rep3,3,500.0,1500.0,source-inventory evidence; not a deposited file-level manifest
Gi_7TUZ,topology,gpcr_g_ligand.prmtop,7TUZ,True,6657200,rep1|rep2|rep3,3,500.0,1500.0,source-inventory evidence; not a deposited file-level manifest
Gi_7VDL,production_trajectory,prod2_now.nc,7VDL,True,22652801056,rep1|rep2|rep3,3,500.0,1500.0,source-inventory evidence; not a deposited file-level manifest
Gi_7VDL,topology,gpcr_g_ligand.prmtop,7VDL,True,6156709,rep1|rep2|rep3,3,500.0,1500.0,source-inventory evidence; not a deposited file-level manifest
Gi_7VGZ,production_trajectory,prod2_now.nc,7VGZ,True,22755041056,rep1|rep2|rep3,3,500.0,1500.0,source-inventory evidence; not a deposited file-level manifest
Gi_7VGZ,topology,gpcr_g_ligand.prmtop,7VGZ,True,6537845,rep1|rep2|rep3,3,500.0,1500.0,source-inventory evidence; not a deposited file-level manifest
Gi_7VH0,production_trajectory,prod2_now.nc,7VH0,True,22496921056,rep1|rep2|rep3,3,500.0,1500.0,source-inventory evidence; not a deposited file-level manifest
Gi_7VH0,topology,gpcr_g_ligand.prmtop,7VH0,True,6512565,rep1|rep2|rep3,3,500.0,1500.0,source-inventory evidence; not a deposited file-level manifest
Gi_7VIF,production_trajectory,prod2_now.nc,7VIF,True,22970681056,rep1|rep2|rep3,3,500.0,1500.0,source-inventory evidence; not a deposited file-level manifest
Gi_7VIF,topology,gpcr_g_ligand.prmtop,7VIF,True,6627237,rep1|rep2|rep3,3,500.0,1500.0,source-inventory evidence; not a deposited file-level manifest
Gi_7VKT,production_trajectory,prod2_now.nc,7VKT,True,22890401056,rep1|rep2|rep3,3,500.0,1500.0,source-inventory evidence; not a deposited file-level manifest
Gi_7VKT,topology,gpcr_g_ligand.prmtop,7VKT,True,6435747,rep1|rep2|rep3,3,500.0,1500.0,source-inventory evidence; not a deposited file-level manifest
Gi_7VL9,production_trajectory,prod2_now.nc,7VL9,True,24289001056,rep1|rep2|rep3,3,500.0,1500.0,source-inventory evidence; not a deposited file-level manifest
Gi_7VL9,topology,gpcr_g_ligand.prmtop,7VL9,True,6927816,rep1|rep2|rep3,3,500.0,1500.0,source-inventory evidence; not a deposited file-level manifest
Gi_7W0N,production_trajectory,prod2_now.nc,7W0N,True,23015321056,rep1|rep2|rep3,3,500.0,1500.0,source-inventory evidence; not a deposited file-level manifest
Gi_7W0N,topology,gpcr_g_ligand.prmtop,7W0N,True,6530218,rep1|rep2|rep3,3,500.0,1500.0,source-inventory evidence; not a deposited file-level manifest
Gi_7W6P,production_trajectory,prod2_now.nc,7W6P,True,26814401056,rep1|rep2|rep3,3,500.0,1500.0,source-inventory evidence; not a deposited file-level manifest
Gi_7W6P,topology,gpcr_g_ligand.prmtop,7W6P,True,7008407,rep1|rep2|rep3,3,500.0,1500.0,source-inventory evidence; not a deposited file-level manifest
Gi_7WQ3,production_trajectory,prod2_now.nc,7WQ3,True,22874561056,rep1|rep2|rep3,3,500.0,1500.0,source-inventory evidence; not a deposited file-level manifest
Gi_7WQ3,topology,gpcr_g_ligand.prmtop,7WQ3,True,6699092,rep1|rep2|rep3,3,500.0,1500.0,source-inventory evidence; not a deposited file-level manifest
Gi_7WU9,production_trajectory,prod2_now.nc,7WU9,True,22979321056,rep1|rep2|rep3,3,500.0,1500.0,source-inventory evidence; not a deposited file-level manifest
Gi_7WU9,topology,gpcr_g_ligand.prmtop,7WU9,True,6538953,rep1|rep2|rep3,3,500.0,1500.0,source-inventory evidence; not a deposited file-level manifest
Gi_7WV9,production_trajectory,prod2_now.nc,7WV9,True,23031521056,rep1|rep2|rep3,3,500.0,1500.0,source-inventory evidence; not a deposited file-level manifest
Gi_7WV9,topology,gpcr_g_ligand.prmtop,7WV9,True,6573308,rep1|rep2|rep3,3,500.0,1500.0,source-inventory evidence; not a deposited file-level manifest
Gi_7WVU,production_trajectory,prod2_now.nc,7WVU,True,22743881056,rep1|rep2|rep3,3,500.0,1500.0,source-inventory evidence; not a deposited file-level manifest
Gi_7WVU,topology,gpcr_g_ligand.prmtop,7WVU,True,6490088,rep1|rep2|rep3,3,500.0,1500.0,source-inventory evidence; not a deposited file-level manifest
Gi_7WVX,production_trajectory,prod2_now.nc,7WVX,True,22959161056,rep1|rep2|rep3,3,500.0,1500.0,source-inventory evidence; not a deposited file-level manifest
Gi_7WVX,topology,gpcr_g_ligand.prmtop,7WVX,True,6482408,rep1|rep2|rep3,3,500.0,1500.0,source-inventory evidence; not a deposited file-level manifest
Gi_7X5H,production_trajectory,prod2_now.nc,7X5H,True,22903721056,rep1|rep2|rep3,3,500.0,1500.0,source-inventory evidence; not a deposited file-level manifest
Gi_7X5H,topology,gpcr_g_ligand.prmtop,7X5H,True,6458255,rep1|rep2|rep3,3,500.0,1500.0,source-inventory evidence; not a deposited file-level manifest
Gi_7X9A,production_trajectory,prod2_now.nc,7X9A,True,22991201056,rep1|rep2|rep3,3,500.0,1500.0,source-inventory evidence; not a deposited file-level manifest
Gi_7X9A,topology,gpcr_g_ligand.prmtop,7X9A,True,6759789,rep1|rep2|rep3,3,500.0,1500.0,source-inventory evidence; not a deposited file-level manifest
Gi_7X9C,production_trajectory,prod2_now.nc,7X9C,True,24930881056,rep1|rep2|rep3,3,500.0,1500.0,source-inventory evidence; not a deposited file-level manifest
Gi_7X9C,topology,gpcr_g_ligand.prmtop,7X9C,True,6911762,rep1|rep2|rep3,3,500.0,1500.0,source-inventory evidence; not a deposited file-level manifest
Gi_7X9Y,production_trajectory,prod2_now.nc,7X9Y,True,22453001056,rep1|rep2|rep3,3,500.0,1500.0,source-inventory evidence; not a deposited file-level manifest
Gi_7X9Y,topology,gpcr_g_ligand.prmtop,7X9Y,True,6504456,rep1|rep2|rep3,3,500.0,1500.0,source-inventory evidence; not a deposited file-level manifest
Gi_7XA3,production_trajectory,prod2_now.nc,7XA3,True,23380721056,rep1|rep2|rep3,3,500.0,1500.0,source-inventory evidence; not a deposited file-level manifest
Gi_7XA3,topology,gpcr_g_ligand.prmtop,7XA3,True,7090936,rep1|rep2|rep3,3,500.0,1500.0,source-inventory evidence; not a deposited file-level manifest
Gi_7XBX,production_trajectory,prod2_now.nc,7XBX,True,22157801056,rep1|rep2|rep3,3,500.0,1500.0,source-inventory evidence; not a deposited file-level manifest
Gi_7XBX,topology,gpcr_g_ligand.prmtop,7XBX,True,6044277,rep1|rep2|rep3,3,500.0,1500.0,source-inventory evidence; not a deposited file-level manifest
Gi_7XK2,production_trajectory,prod2_now.nc,7XK2,True,22772681056,rep1|rep2|rep3,3,500.0,1500.0,source-inventory evidence; not a deposited file-level manifest
Gi_7XK2,topology,gpcr_g_ligand.prmtop,7XK2,True,6729939,rep1|rep2|rep3,3,500.0,1500.0,source-inventory evidence; not a deposited file-level manifest
Gi_7XK8,production_trajectory,prod2_now.nc,7XK8,True,22928201056,rep1|rep2|rep3,3,500.0,1500.0,source-inventory evidence; not a deposited file-level manifest
Gi_7XK8,topology,gpcr_g_ligand.prmtop,7XK8,True,6952770,rep1|rep2|rep3,3,500.0,1500.0,source-inventory evidence; not a deposited file-level manifest
Gi_7XMS,production_trajectory,prod2_now.nc,7XMS,True,22916681056,rep1|rep2|rep3,3,500.0,1500.0,source-inventory evidence; not a deposited file-level manifest
Gi_7XMS,topology,gpcr_g_ligand.prmtop,7XMS,True,6185501,rep1|rep2|rep3,3,500.0,1500.0,source-inventory evidence; not a deposited file-level manifest
Gi_7XTA,production_trajectory,prod2_now.nc,7XTA,True,23992721056,rep1|rep2|rep3,3,500.0,1500.0,source-inventory evidence; not a deposited file-level manifest
Gi_7XTA,topology,gpcr_g_ligand.prmtop,7XTA,True,6588449,rep1|rep2|rep3,3,500.0,1500.0,source-inventory evidence; not a deposited file-level manifest
Gi_7XXI,production_trajectory,prod2_now.nc,7XXI,True,22911281056,rep1|rep2|rep3,3,500.0,1500.0,source-inventory evidence; not a deposited file-level manifest
Gi_7XXI,topology,gpcr_g_ligand.prmtop,7XXI,True,6728798,rep1|rep2|rep3,3,500.0,1500.0,source-inventory evidence; not a deposited file-level manifest
Gi_7Y12,production_trajectory,prod2_now.nc,7Y12,True,22511681056,rep1|rep2|rep3,3,500.0,1500.0,source-inventory evidence; not a deposited file-level manifest
Gi_7Y12,topology,gpcr_g_ligand.prmtop,7Y12,True,6225235,rep1|rep2|rep3,3,500.0,1500.0,source-inventory evidence; not a deposited file-level manifest
Gi_7Y89,production_trajectory,prod2_now.nc,7Y89,True,22580801056,rep1|rep2|rep3,3,500.0,1500.0,source-inventory evidence; not a deposited file-level manifest
Gi_7Y89,topology,gpcr_g_ligand.prmtop,7Y89,True,6234485,rep1|rep2|rep3,3,500.0,1500.0,source-inventory evidence; not a deposited file-level manifest
Gi_7YK6,production_trajectory,prod1_now.trr,7YK6,True,14925172368,rep1|rep2|rep3,3,500.0,1500.0,source-inventory evidence; not a deposited file-level manifest
Gi_7YK6,topology,now.tpr,7YK6,True,16720216,rep1|rep2|rep3,3,500.0,1500.0,source-inventory evidence; not a deposited file-level manifest
Gi_7YK7,production_trajectory,prod2_now.nc,7YK7,True,22708241056,rep1|rep2|rep3,3,500.0,1500.0,source-inventory evidence; not a deposited file-level manifest
Gi_7YK7,topology,gpcr_g_ligand.prmtop,7YK7,True,6369035,rep1|rep2|rep3,3,500.0,1500.0,source-inventory evidence; not a deposited file-level manifest
Gi_7YKD,production_trajectory,prod2_now.nc,7YKD,True,23558921056,rep1|rep2|rep3,3,500.0,1500.0,source-inventory evidence; not a deposited file-level manifest
Gi_7YKD,topology,gpcr_g_ligand.prmtop,7YKD,True,6444174,rep1|rep2|rep3,3,500.0,1500.0,source-inventory evidence; not a deposited file-level manifest
Gi_7YON,production_trajectory,prod2_now.nc,7YON,True,25454681056,rep1|rep2|rep3,3,500.0,1500.0,source-inventory evidence; not a deposited file-level manifest
Gi_7YON,topology,gpcr_g_ligand.prmtop,7YON,True,6761838,rep1|rep2|rep3,3,500.0,1500.0,source-inventory evidence; not a deposited file-level manifest
Gi_7YU8,production_trajectory,prod2_now.nc,7YU8,True,23148521056,rep1|rep2|rep3,3,500.0,1500.0,source-inventory evidence; not a deposited file-level manifest
Gi_7YU8,topology,gpcr_g_ligand.prmtop,7YU8,True,6468490,rep1|rep2|rep3,3,500.0,1500.0,source-inventory evidence; not a deposited file-level manifest
Gi_8DZQ,production_trajectory,prod2_now.nc,8DZQ,True,22905161056,rep1|rep2|rep3,3,500.0,1500.0,source-inventory evidence; not a deposited file-level manifest
Gi_8DZQ,topology,gpcr_g_ligand.prmtop,8DZQ,True,6492167,rep1|rep2|rep3,3,500.0,1500.0,source-inventory evidence; not a deposited file-level manifest
Gi_8EFO,production_trajectory,prod2_now.nc,8EFO,True,22990841056,rep1|rep2|rep3,3,500.0,1500.0,source-inventory evidence; not a deposited file-level manifest
Gi_8EFO,topology,gpcr_g_ligand.prmtop,8EFO,True,6415690,rep1|rep2|rep3,3,500.0,1500.0,source-inventory evidence; not a deposited file-level manifest
Gi_8F7S,production_trajectory,prod2_now.nc,8F7S,True,22915961056,rep1|rep2|rep3,3,500.0,1500.0,source-inventory evidence; not a deposited file-level manifest
Gi_8F7S,topology,gpcr_g_ligand.prmtop,8F7S,True,6494785,rep1|rep2|rep3,3,500.0,1500.0,source-inventory evidence; not a deposited file-level manifest
Gi_8HK2,production_trajectory,prod2_now.nc,8HK2,True,25876601056,rep1|rep2|rep3,3,500.0,1500.0,source-inventory evidence; not a deposited file-level manifest
Gi_8HK2,topology,gpcr_g_ligand.prmtop,8HK2,True,7729186,rep1|rep2|rep3,3,500.0,1500.0,source-inventory evidence; not a deposited file-level manifest
Gi_8HK5,production_trajectory,prod2_now.nc,8HK5,True,23258321056,rep1|rep2|rep3,3,500.0,1500.0,source-inventory evidence; not a deposited file-level manifest
Gi_8HK5,topology,gpcr_g_ligand.prmtop,8HK5,True,6756781,rep1|rep2|rep3,3,500.0,1500.0,source-inventory evidence; not a deposited file-level manifest
Gi_8HQM,production_trajectory,prod2_now.nc,8HQM,True,22369121056,rep1|rep2|rep3,3,500.0,1500.0,source-inventory evidence; not a deposited file-level manifest
Gi_8HQM,topology,gpcr_g_ligand.prmtop,8HQM,True,6249432,rep1|rep2|rep3,3,500.0,1500.0,source-inventory evidence; not a deposited file-level manifest
Gi_8HS3,production_trajectory,prod2_now.nc,8HS3,True,23806601056,rep1|rep2|rep3,3,500.0,1500.0,source-inventory evidence; not a deposited file-level manifest
Gi_8HS3,topology,gpcr_g_ligand.prmtop,8HS3,True,6241222,rep1|rep2|rep3,3,500.0,1500.0,source-inventory evidence; not a deposited file-level manifest
Gi_8IC0,production_trajectory,prod2_now.nc,8IC0,True,23415641056,rep1|rep2|rep3,3,500.0,1500.0,source-inventory evidence; not a deposited file-level manifest
Gi_8IC0,topology,gpcr_g_ligand.prmtop,8IC0,True,6921056,rep1|rep2|rep3,3,500.0,1500.0,source-inventory evidence; not a deposited file-level manifest
Gi_8ID9,production_trajectory,prod2_now.nc,8ID9,True,23146721056,rep1|rep2|rep3,3,500.0,1500.0,source-inventory evidence; not a deposited file-level manifest
Gi_8ID9,topology,gpcr_g_ligand.prmtop,8ID9,True,6661736,rep1|rep2|rep3,3,500.0,1500.0,source-inventory evidence; not a deposited file-level manifest
Gi_8IHJ,production_trajectory,prod2_now.nc,8IHJ,True,22901921056,rep1|rep2|rep3,3,500.0,1500.0,source-inventory evidence; not a deposited file-level manifest
Gi_8IHJ,topology,gpcr_g_ligand.prmtop,8IHJ,True,6619590,rep1|rep2|rep3,3,500.0,1500.0,source-inventory evidence; not a deposited file-level manifest
Gi_8IRU,production_trajectory,prod2_now.nc,8IRU,True,32315561056,rep1|rep2|rep3,3,500.0,1500.0,source-inventory evidence; not a deposited file-level manifest
Gi_8IRU,topology,gpcr_g_ligand.prmtop,8IRU,True,6908114,rep1|rep2|rep3,3,500.0,1500.0,source-inventory evidence; not a deposited file-level manifest
Gi_8IU2,production_trajectory,prod2_now.nc,8IU2,True,22938281056,rep1|rep2|rep3,3,500.0,1500.0,source-inventory evidence; not a deposited file-level manifest
Gi_8IU2,topology,gpcr_g_ligand.prmtop,8IU2,True,6602758,rep1|rep2|rep3,3,500.0,1500.0,source-inventory evidence; not a deposited file-level manifest
Gi_8IY5,production_trajectory,prod2_now.nc,8IY5,True,23057801056,rep1|rep2|rep3,3,500.0,1500.0,source-inventory evidence; not a deposited file-level manifest
Gi_8IY5,topology,gpcr_g_ligand.prmtop,8IY5,True,6662276,rep1|rep2|rep3,3,500.0,1500.0,source-inventory evidence; not a deposited file-level manifest
Gi_8J18,production_trajectory,prod2_now.nc,8J18,True,26325881056,rep1|rep2|rep3,3,500.0,1500.0,source-inventory evidence; not a deposited file-level manifest
Gi_8J18,topology,gpcr_g_ligand.prmtop,8J18,True,6950410,rep1|rep2|rep3,3,500.0,1500.0,source-inventory evidence; not a deposited file-level manifest
Gi_8J21,production_trajectory,prod2_now.nc,8J21,True,24536321056,rep1|rep2|rep3,3,500.0,1500.0,source-inventory evidence; not a deposited file-level manifest
Gi_8J21,topology,gpcr_g_ligand.prmtop,8J21,True,6456966,rep1|rep2|rep3,3,500.0,1500.0,source-inventory evidence; not a deposited file-level manifest
Gi_8J6D,production_trajectory,prod2_now.nc,8J6D,True,50781761056,rep1|rep2|rep3,3,500.0,1500.0,source-inventory evidence; not a deposited file-level manifest
Gi_8J6D,topology,gpcr_g_ligand.prmtop,8J6D,True,7386666,rep1|rep2|rep3,3,500.0,1500.0,source-inventory evidence; not a deposited file-level manifest
Gi_8JZZ,production_trajectory,prod2_now.nc,8JZZ,True,22992641056,rep1|rep2|rep3,3,500.0,1500.0,source-inventory evidence; not a deposited file-level manifest
Gi_8JZZ,topology,gpcr_g_ligand.prmtop,8JZZ,True,6383510,rep1|rep2|rep3,3,500.0,1500.0,source-inventory evidence; not a deposited file-level manifest
Gi_8K3Z,production_trajectory,prod2_now.nc,8K3Z,True,24753041056,rep1|rep2|rep3,3,500.0,1500.0,source-inventory evidence; not a deposited file-level manifest
Gi_8K3Z,topology,gpcr_g_ligand.prmtop,8K3Z,True,6828914,rep1|rep2|rep3,3,500.0,1500.0,source-inventory evidence; not a deposited file-level manifest
Gi_8K6O,production_trajectory,prod2_now.nc,8K6O,True,23838641056,rep1|rep2|rep3,3,500.0,1500.0,source-inventory evidence; not a deposited file-level manifest
Gi_8K6O,topology,gpcr_g_ligand.prmtop,8K6O,True,6836930,rep1|rep2|rep3,3,500.0,1500.0,source-inventory evidence; not a deposited file-level manifest
Gi_8KFX,production_trajectory,prod2_now.nc,8KFX,True,22659281056,rep1|rep2|rep3,3,500.0,1500.0,source-inventory evidence; not a deposited file-level manifest
Gi_8KFX,topology,gpcr_g_ligand.prmtop,8KFX,True,6588274,rep1|rep2|rep3,3,500.0,1500.0,source-inventory evidence; not a deposited file-level manifest
Gi_8PJK,production_trajectory,prod2_now.nc,8PJK,True,23280641056,rep1|rep2|rep3,3,500.0,1500.0,source-inventory evidence; not a deposited file-level manifest
Gi_8PJK,topology,gpcr_g_ligand.prmtop,8PJK,True,6937136,rep1|rep2|rep3,3,500.0,1500.0,source-inventory evidence; not a deposited file-level manifest
Gi_8UGY,production_trajectory,prod2_now.nc,8UGY,True,23199641056,rep1|rep2|rep3,3,500.0,1500.0,source-inventory evidence; not a deposited file-level manifest
Gi_8UGY,topology,gpcr_g_ligand.prmtop,8UGY,True,6676006,rep1|rep2|rep3,3,500.0,1500.0,source-inventory evidence; not a deposited file-level manifest
Gi_8WWH,production_trajectory,prod2_now.nc,8WWH,True,22669001056,rep1|rep2|rep3,3,500.0,1500.0,source-inventory evidence; not a deposited file-level manifest
Gi_8WWH,topology,gpcr_g_ligand.prmtop,8WWH,True,6479232,rep1|rep2|rep3,3,500.0,1500.0,source-inventory evidence; not a deposited file-level manifest
Gi_8X8L,production_trajectory,prod2_now.nc,8X8L,True,22894001056,rep1|rep2|rep3,3,500.0,1500.0,source-inventory evidence; not a deposited file-level manifest
Gi_8X8L,topology,gpcr_g_ligand.prmtop,8X8L,True,6413387,rep1|rep2|rep3,3,500.0,1500.0,source-inventory evidence; not a deposited file-level manifest
Gi_8XGM,production_trajectory,prod2_now.nc,8XGM,True,23818841056,rep1|rep2|rep3,3,500.0,1500.0,source-inventory evidence; not a deposited file-level manifest
Gi_8XGM,topology,gpcr_g_ligand.prmtop,8XGM,True,7403383,rep1|rep2|rep3,3,500.0,1500.0,source-inventory evidence; not a deposited file-level manifest
Gi_8XIP,production_trajectory,prod2_now.nc,8XIP,True,22945481056,rep1|rep2|rep3,3,500.0,1500.0,source-inventory evidence; not a deposited file-level manifest
Gi_8XIP,topology,gpcr_g_ligand.prmtop,8XIP,True,6171016,rep1|rep2|rep3,3,500.0,1500.0,source-inventory evidence; not a deposited file-level manifest
Gi_8XIQ,production_trajectory,prod2_now.nc,8XIQ,True,22980761056,rep1|rep2|rep3,3,500.0,1500.0,source-inventory evidence; not a deposited file-level manifest
Gi_8XIQ,topology,gpcr_g_ligand.prmtop,8XIQ,True,6466747,rep1|rep2|rep3,3,500.0,1500.0,source-inventory evidence; not a deposited file-level manifest
Gi_8XXU,production_trajectory,prod2_now.nc,8XXU,True,22504121056,rep1|rep2|rep3,3,500.0,1500.0,source-inventory evidence; not a deposited file-level manifest
Gi_8XXU,topology,gpcr_g_ligand.prmtop,8XXU,True,6507668,rep1|rep2|rep3,3,500.0,1500.0,source-inventory evidence; not a deposited file-level manifest
Gi_8XYD,production_trajectory,prod2_now.nc,8XYD,True,23179121056,rep1|rep2|rep3,3,500.0,1500.0,source-inventory evidence; not a deposited file-level manifest
Gi_8XYD,topology,gpcr_g_ligand.prmtop,8XYD,True,6665601,rep1|rep2|rep3,3,500.0,1500.0,source-inventory evidence; not a deposited file-level manifest
Gi_8XZI,production_trajectory,prod2_now.nc,8XZI,True,22894361056,rep1|rep2|rep3,3,500.0,1500.0,source-inventory evidence; not a deposited file-level manifest
Gi_8XZI,topology,gpcr_g_ligand.prmtop,8XZI,True,6576963,rep1|rep2|rep3,3,500.0,1500.0,source-inventory evidence; not a deposited file-level manifest
Gi_8YIC,production_trajectory,prod1_now.trr,8YIC,True,15811821024,rep1|rep2|rep3,3,500.0,1500.0,source-inventory evidence; not a deposited file-level manifest
Gi_8YIC,topology,now.tpr,8YIC,True,19086336,rep1|rep2|rep3,3,500.0,1500.0,source-inventory evidence; not a deposited file-level manifest
Gi_8YNA,production_trajectory,prod2_now.nc,8YNA,True,23158601056,rep1|rep2|rep3,3,500.0,1500.0,source-inventory evidence; not a deposited file-level manifest
Gi_8YNA,topology,gpcr_g_ligand.prmtop,8YNA,True,6883048,rep1|rep2|rep3,3,500.0,1500.0,source-inventory evidence; not a deposited file-level manifest
Gi_8ZQE,production_trajectory,prod2_now.nc,8ZQE,True,22951961056,rep1|rep2|rep3,3,500.0,1500.0,source-inventory evidence; not a deposited file-level manifest
Gi_8ZQE,topology,gpcr_g_ligand.prmtop,8ZQE,True,6682699,rep1|rep2|rep3,3,500.0,1500.0,source-inventory evidence; not a deposited file-level manifest
Gi_9AST,production_trajectory,prod2_now.nc,9AST,True,22897961056,rep1|rep2|rep3,3,500.0,1500.0,source-inventory evidence; not a deposited file-level manifest
Gi_9AST,topology,gpcr_g_ligand.prmtop,9AST,True,6529260,rep1|rep2|rep3,3,500.0,1500.0,source-inventory evidence; not a deposited file-level manifest
Gi_9IIX,production_trajectory,prod2_now.nc,9IIX,True,22255721056,rep1|rep2|rep3,3,500.0,1500.0,source-inventory evidence; not a deposited file-level manifest
Gi_9IIX,topology,gpcr_g_ligand.prmtop,9IIX,True,5873885,rep1|rep2|rep3,3,500.0,1500.0,source-inventory evidence; not a deposited file-level manifest
Gi_9J5V,production_trajectory,prod2_now.nc,9J5V,True,23094161056,rep1|rep2|rep3,3,500.0,1500.0,source-inventory evidence; not a deposited file-level manifest
Gi_9J5V,topology,gpcr_g_ligand.prmtop,9J5V,True,6456010,rep1|rep2|rep3,3,500.0,1500.0,source-inventory evidence; not a deposited file-level manifest
Gq_6OIJ,production_trajectory,prod2_now.nc,6OIJ,True,25386281056,rep1|rep2|rep3,3,500.0,1500.0,source-inventory evidence; not a deposited file-level manifest
Gq_6OIJ,topology,now.prmtop,6OIJ,True,28341521,rep1|rep2|rep3,3,500.0,1500.0,source-inventory evidence; not a deposited file-level manifest
Gq_7DFL,production_trajectory,prod2_now.nc,7DFL,True,27194921056,rep1|rep2|rep3,3,500.0,1500.0,source-inventory evidence; not a deposited file-level manifest
Gq_7DFL,topology,now.prmtop,7DFL,True,30297766,rep1|rep2|rep3,3,500.0,1500.0,source-inventory evidence; not a deposited file-level manifest
Gq_7EIB,production_trajectory,prod2_now.nc,7EIB,True,23757281056,rep1|rep2|rep3,3,500.0,1500.0,source-inventory evidence; not a deposited file-level manifest
Gq_7EIB,topology,now.prmtop,7EIB,True,26557754,rep1|rep2|rep3,3,500.0,1500.0,source-inventory evidence; not a deposited file-level manifest
Gq_7EZM,production_trajectory,prod2_now.nc,7EZM,True,23315201056,rep1|rep2|rep3,3,500.0,1500.0,source-inventory evidence; not a deposited file-level manifest
Gq_7EZM,topology,now.prmtop,7EZM,True,25989854,rep1|rep2|rep3,3,500.0,1500.0,source-inventory evidence; not a deposited file-level manifest
Gq_7F2O,production_trajectory,prod2_now.nc,7F2O,True,23954921056,rep1|rep2|rep3,3,500.0,1500.0,source-inventory evidence; not a deposited file-level manifest
Gq_7F2O,topology,now.prmtop,7F2O,True,26778031,rep1|rep2|rep3,3,500.0,1500.0,source-inventory evidence; not a deposited file-level manifest
Gq_7F6G,production_trajectory,prod2_now.nc,7F6G,True,22887521056,rep1|rep2|rep3,3,500.0,1500.0,source-inventory evidence; not a deposited file-level manifest
Gq_7F6G,topology,now.prmtop,7F6G,True,25527491,rep1|rep2|rep3,3,500.0,1500.0,source-inventory evidence; not a deposited file-level manifest
Gq_7F8W,production_trajectory,prod2_now.nc,7F8W,True,24497801056,rep1|rep2|rep3,3,500.0,1500.0,source-inventory evidence; not a deposited file-level manifest
Gq_7F8W,topology,now.prmtop,7F8W,True,27323919,rep1|rep2|rep3,3,500.0,1500.0,source-inventory evidence; not a deposited file-level manifest
Gq_7P00,production_trajectory,prod2_now.nc,7P00,True,21972401056,rep1|rep2|rep3,3,500.0,1500.0,source-inventory evidence; not a deposited file-level manifest
Gq_7P00,topology,now.prmtop,7P00,True,24555362,rep1|rep2|rep3,3,500.0,1500.0,source-inventory evidence; not a deposited file-level manifest
Gq_7RAN,production_trajectory,prod2_now.nc,7RAN,True,7507960828,rep1|rep2|rep3,3,500.0,1500.0,source-inventory evidence; not a deposited file-level manifest
Gq_7RAN,topology,now.prmtop,7RAN,True,25228114,rep1|rep2|rep3,3,500.0,1500.0,source-inventory evidence; not a deposited file-level manifest
Gq_7S8L,production_trajectory,prod2_now.nc,7S8L,True,21947561056,rep1|rep2|rep3,3,500.0,1500.0,source-inventory evidence; not a deposited file-level manifest
Gq_7S8L,topology,now.prmtop,7S8L,True,24533711,rep1|rep2|rep3,3,500.0,1500.0,source-inventory evidence; not a deposited file-level manifest
Gq_7S8P,production_trajectory,prod2_now.nc,7S8P,True,22835321056,rep1|rep2|rep3,3,500.0,1500.0,source-inventory evidence; not a deposited file-level manifest
Gq_7S8P,topology,now.prmtop,7S8P,True,25524223,rep1|rep2|rep3,3,500.0,1500.0,source-inventory evidence; not a deposited file-level manifest
Gq_7SR8,production_trajectory,prod2_now.nc,7SR8,True,25073801056,rep1|rep2|rep3,3,500.0,1500.0,source-inventory evidence; not a deposited file-level manifest
Gq_7SR8,topology,now.prmtop,7SR8,True,28073874,rep1|rep2|rep3,3,500.0,1500.0,source-inventory evidence; not a deposited file-level manifest
Gq_7SRR,production_trajectory,prod2_now.nc,7SRR,True,27775601056,rep1|rep2|rep3,3,500.0,1500.0,source-inventory evidence; not a deposited file-level manifest
Gq_7SRR,topology,now.prmtop,7SRR,True,31120063,rep1|rep2|rep3,3,500.0,1500.0,source-inventory evidence; not a deposited file-level manifest
Gq_7TRY,production_trajectory,traj1.nc,7TRY,True,2173720828,rep1|rep2|rep3,3,500.0,1500.0,source-inventory evidence; not a deposited file-level manifest
Gq_7TRY,topology,now.prmtop,7TRY,True,28086054,rep1|rep2|rep3,3,500.0,1500.0,source-inventory evidence; not a deposited file-level manifest
Gq_7W3Z,production_trajectory,prod2_now.nc,7W3Z,True,23130521056,rep1|rep2|rep3,3,500.0,1500.0,source-inventory evidence; not a deposited file-level manifest
Gq_7W3Z,topology,now.prmtop,7W3Z,True,25804517,rep1|rep2|rep3,3,500.0,1500.0,source-inventory evidence; not a deposited file-level manifest
Gq_7W53,production_trajectory,prod2_now.nc,7W53,True,22442561056,rep1|rep2|rep3,3,500.0,1500.0,source-inventory evidence; not a deposited file-level manifest
Gq_7W53,topology,now.prmtop,7W53,True,25080064,rep1|rep2|rep3,3,500.0,1500.0,source-inventory evidence; not a deposited file-level manifest
Gq_7W55,production_trajectory,prod2_now.nc,7W55,True,22318361056,rep1|rep2|rep3,3,500.0,1500.0,source-inventory evidence; not a deposited file-level manifest
Gq_7W55,topology,now.prmtop,7W55,True,24927700,rep1|rep2|rep3,3,500.0,1500.0,source-inventory evidence; not a deposited file-level manifest
Gq_7XW9,production_trajectory,prod2_now.nc,7XW9,True,24178121056,rep1|rep2|rep3,3,500.0,1500.0,source-inventory evidence; not a deposited file-level manifest
Gq_7XW9,topology,now.prmtop,7XW9,True,27013329,rep1|rep2|rep3,3,500.0,1500.0,source-inventory evidence; not a deposited file-level manifest
Gq_7XWO,production_trajectory,prod2_now.nc,7XWO,True,22247441056,rep1|rep2|rep3,3,500.0,1500.0,source-inventory evidence; not a deposited file-level manifest
Gq_7XWO,topology,now.prmtop,7XWO,True,24842851,rep1|rep2|rep3,3,500.0,1500.0,source-inventory evidence; not a deposited file-level manifest
Gq_7XXH,production_trajectory,prod2_now.nc,7XXH,True,23020361056,rep1|rep2|rep3,3,500.0,1500.0,source-inventory evidence; not a deposited file-level manifest
Gq_7XXH,topology,now.prmtop,7XXH,True,25667149,rep1|rep2|rep3,3,500.0,1500.0,source-inventory evidence; not a deposited file-level manifest
Gq_7Y26,production_trajectory,prod2_now.nc,7Y26,True,24516521056,rep1|rep2|rep3,3,500.0,1500.0,source-inventory evidence; not a deposited file-level manifest
Gq_7Y26,topology,now.prmtop,7Y26,True,27354459,rep1|rep2|rep3,3,500.0,1500.0,source-inventory evidence; not a deposited file-level manifest
Gq_7YDM,production_trajectory,traj1.nc,7YDM,True,1727080828,rep1|rep2|rep3,3,500.0,1500.0,source-inventory evidence; not a deposited file-level manifest
Gq_7YDM,topology,now.prmtop,7YDM,True,24808452,rep1|rep2|rep3,3,500.0,1500.0,source-inventory evidence; not a deposited file-level manifest
Gq_8DWC,production_trajectory,prod2_now.nc,8DWC,True,22121801056,rep1|rep2|rep3,3,500.0,1500.0,source-inventory evidence; not a deposited file-level manifest
Gq_8DWC,topology,now.prmtop,8DWC,True,24731298,rep1|rep2|rep3,3,500.0,1500.0,source-inventory evidence; not a deposited file-level manifest
Gq_8E9W,production_trajectory,prod2_now.nc,8E9W,True,32411681056,rep1|rep2|rep3,3,500.0,1500.0,source-inventory evidence; not a deposited file-level manifest
Gq_8E9W,topology,now.prmtop,8E9W,True,36238738,rep1|rep2|rep3,3,500.0,1500.0,source-inventory evidence; not a deposited file-level manifest
Gq_8EJC,production_trajectory,prod2_now.nc,8EJC,True,22283081056,rep1|rep2|rep3,3,500.0,1500.0,source-inventory evidence; not a deposited file-level manifest
Gq_8EJC,topology,now.prmtop,8EJC,True,24965439,rep1|rep2|rep3,3,500.0,1500.0,source-inventory evidence; not a deposited file-level manifest
Gq_8F7X,production_trajectory,prod2_now.nc,8F7X,True,22893281056,rep1|rep2|rep3,3,500.0,1500.0,source-inventory evidence; not a deposited file-level manifest
Gq_8F7X,topology,now.prmtop,8F7X,True,25535775,rep1|rep2|rep3,3,500.0,1500.0,source-inventory evidence; not a deposited file-level manifest
Gq_8H0P,production_trajectory,prod2_now.nc,8H0P,True,23861681056,rep1|rep2|rep3,3,500.0,1500.0,source-inventory evidence; not a deposited file-level manifest
Gq_8H0P,topology,now.prmtop,8H0P,True,26669898,rep1|rep2|rep3,3,500.0,1500.0,source-inventory evidence; not a deposited file-level manifest
Gq_8HCQ,production_trajectory,prod2_now.nc,8HCQ,True,23347601056,rep1|rep2|rep3,3,500.0,1500.0,source-inventory evidence; not a deposited file-level manifest
Gq_8HCQ,topology,now.prmtop,8HCQ,True,26016801,rep1|rep2|rep3,3,500.0,1500.0,source-inventory evidence; not a deposited file-level manifest
Gq_8HCX,production_trajectory,prod2_now.nc,8HCX,True,23287841056,rep1|rep2|rep3,3,500.0,1500.0,source-inventory evidence; not a deposited file-level manifest
Gq_8HCX,topology,now.prmtop,8HCX,True,25970996,rep1|rep2|rep3,3,500.0,1500.0,source-inventory evidence; not a deposited file-level manifest
Gq_8IBV,production_trajectory,prod2_now.nc,8IBV,True,23234201056,rep1|rep2|rep3,3,500.0,1500.0,source-inventory evidence; not a deposited file-level manifest
Gq_8IBV,topology,now.prmtop,8IBV,True,25866139,rep1|rep2|rep3,3,500.0,1500.0,source-inventory evidence; not a deposited file-level manifest
Gq_8IUK,production_trajectory,prod2_now.nc,8IUK,True,22062041056,rep1|rep2|rep3,3,500.0,1500.0,source-inventory evidence; not a deposited file-level manifest
Gq_8IUK,topology,now.prmtop,8IUK,True,24692010,rep1|rep2|rep3,3,500.0,1500.0,source-inventory evidence; not a deposited file-level manifest
Gq_8IYS,production_trajectory,prod2_now.nc,8IYS,True,24684641056,rep1|rep2|rep3,3,500.0,1500.0,source-inventory evidence; not a deposited file-level manifest
Gq_8IYS,topology,now.prmtop,8IYS,True,27651323,rep1|rep2|rep3,3,500.0,1500.0,source-inventory evidence; not a deposited file-level manifest
Gq_8J9N,production_trajectory,prod2_now.nc,8J9N,True,24352120848,rep1|rep2|rep3,3,500.0,1500.0,source-inventory evidence; not a deposited file-level manifest
Gq_8J9N,topology,now.prmtop,8J9N,True,25954039,rep1|rep2|rep3,3,500.0,1500.0,source-inventory evidence; not a deposited file-level manifest
Gq_8JBG,production_trajectory,prod2_now.nc,8JBG,True,25345601056,rep1|rep2|rep3,3,500.0,1500.0,source-inventory evidence; not a deposited file-level manifest
Gq_8JBG,topology,now.prmtop,8JBG,True,28262151,rep1|rep2|rep3,3,500.0,1500.0,source-inventory evidence; not a deposited file-level manifest
Gq_8WST,production_trajectory,prod2_now.nc,8WST,True,23132681056,rep1|rep2|rep3,3,500.0,1500.0,source-inventory evidence; not a deposited file-level manifest
Gq_8WST,topology,now.prmtop,8WST,True,25768988,rep1|rep2|rep3,3,500.0,1500.0,source-inventory evidence; not a deposited file-level manifest
Gq_8WZ2,production_trajectory,prod2_now.nc,8WZ2,True,23311601056,rep1|rep2|rep3,3,500.0,1500.0,source-inventory evidence; not a deposited file-level manifest
Gq_8WZ2,topology,now.prmtop,8WZ2,True,25953138,rep1|rep2|rep3,3,500.0,1500.0,source-inventory evidence; not a deposited file-level manifest
Gq_8XGS,production_trajectory,prod2_now.nc,8XGS,True,23200721056,rep1|rep2|rep3,3,500.0,1500.0,source-inventory evidence; not a deposited file-level manifest
Gq_8XGS,topology,now.prmtop,8XGS,True,25882423,rep1|rep2|rep3,3,500.0,1500.0,source-inventory evidence; not a deposited file-level manifest
Gq_8XOJ,production_trajectory,prod2_now.nc,8XOJ,True,22908761056,rep1|rep2|rep3,3,500.0,1500.0,source-inventory evidence; not a deposited file-level manifest
Gq_8XOJ,topology,now.prmtop,8XOJ,True,25521205,rep1|rep2|rep3,3,500.0,1500.0,source-inventory evidence; not a deposited file-level manifest
Gq_8XOR,production_trajectory,prod2_now.nc,8XOR,True,25218521056,rep1|rep2|rep3,3,500.0,1500.0,source-inventory evidence; not a deposited file-level manifest
Gq_8XOR,topology,now.prmtop,8XOR,True,28102520,rep1|rep2|rep3,3,500.0,1500.0,source-inventory evidence; not a deposited file-level manifest
Gq_8Y53,production_trajectory,prod2_now.nc,8Y53,True,23157161056,rep1|rep2|rep3,3,500.0,1500.0,source-inventory evidence; not a deposited file-level manifest
Gq_8Y53,topology,now.prmtop,8Y53,True,25910331,rep1|rep2|rep3,3,500.0,1500.0,source-inventory evidence; not a deposited file-level manifest
Gq_8ZPT,production_trajectory,prod2_now.nc,8ZPT,True,19322715680,rep1|rep2|rep3,3,500.0,1500.0,source-inventory evidence; not a deposited file-level manifest
Gq_8ZPT,topology,now.prmtop,8ZPT,True,25836827,rep1|rep2|rep3,3,500.0,1500.0,source-inventory evidence; not a deposited file-level manifest
Gs_3SN6,production_trajectory,prod2_now.nc,3SN6,True,22502321056,rep1|rep2|rep3,3,500.0,1500.0,source-inventory evidence; not a deposited file-level manifest
Gs_3SN6,topology,now.prmtop,3SN6,True,25144679,rep1|rep2|rep3,3,500.0,1500.0,source-inventory evidence; not a deposited file-level manifest
Gs_6GDG,production_trajectory,prod2_now.nc,6GDG,True,28135601056,rep1|rep2|rep3,3,500.0,1500.0,source-inventory evidence; not a deposited file-level manifest
Gs_6GDG,topology,now.prmtop,6GDG,True,31508252,rep1|rep2|rep3,3,500.0,1500.0,source-inventory evidence; not a deposited file-level manifest
Gs_6LI3,production_trajectory,prod2_now.nc,6LI3,True,23141681056,rep1|rep2|rep3,3,500.0,1500.0,source-inventory evidence; not a deposited file-level manifest
Gs_6LI3,topology,now.prmtop,6LI3,True,25809591,rep1|rep2|rep3,3,500.0,1500.0,source-inventory evidence; not a deposited file-level manifest
Gs_6NBI,production_trajectory,traj1.nc,6NBI,True,2407600828,rep1|rep2|rep3,3,500.0,1500.0,source-inventory evidence; not a deposited file-level manifest
Gs_6NBI,topology,now.prmtop,6NBI,True,26810490,rep1|rep2|rep3,3,500.0,1500.0,source-inventory evidence; not a deposited file-level manifest
Gs_6PB0,production_trajectory,traj1.nc,6PB0,True,2262760828,rep1|rep2|rep3,3,500.0,1500.0,source-inventory evidence; not a deposited file-level manifest
Gs_6PB0,topology,now.prmtop,6PB0,True,26353898,rep1|rep2|rep3,3,500.0,1500.0,source-inventory evidence; not a deposited file-level manifest
Gs_6PB1,production_trajectory,traj1.nc,6PB1,True,2250040828,rep1|rep2|rep3,3,500.0,1500.0,source-inventory evidence; not a deposited file-level manifest
Gs_6PB1,topology,now.prmtop,6PB1,True,26432802,rep1|rep2|rep3,3,500.0,1500.0,source-inventory evidence; not a deposited file-level manifest
Gs_6UVA,production_trajectory,traj1.nc,6UVA,True,2485840828,rep1|rep2|rep3,3,500.0,1500.0,source-inventory evidence; not a deposited file-level manifest
Gs_6UVA,topology,now.prmtop,6UVA,True,28545395,rep1|rep2|rep3,3,500.0,1500.0,source-inventory evidence; not a deposited file-level manifest
Gs_6WZG,production_trajectory,traj1.nc,6WZG,True,2253760828,rep1|rep2|rep3,3,500.0,1500.0,source-inventory evidence; not a deposited file-level manifest
Gs_6WZG,topology,now.prmtop,6WZG,True,26489879,rep1|rep2|rep3,3,500.0,1500.0,source-inventory evidence; not a deposited file-level manifest
Gs_7CFN,production_trajectory,prod2_now.nc,7CFN,True,23051681056,rep1|rep2|rep3,3,500.0,1500.0,source-inventory evidence; not a deposited file-level manifest
Gs_7CFN,topology,now.prmtop,7CFN,True,25768712,rep1|rep2|rep3,3,500.0,1500.0,source-inventory evidence; not a deposited file-level manifest
Gs_7CX2,production_trajectory,prod2_now.nc,7CX2,True,23086601056,rep1|rep2|rep3,3,500.0,1500.0,source-inventory evidence; not a deposited file-level manifest
Gs_7CX2,topology,now.prmtop,7CX2,True,25803540,rep1|rep2|rep3,3,500.0,1500.0,source-inventory evidence; not a deposited file-level manifest
Gs_7D68,production_trajectory,traj1.nc,7D68,True,2313400828,rep1|rep2|rep3,3,500.0,1500.0,source-inventory evidence; not a deposited file-level manifest
Gs_7D68,topology,now.prmtop,7D68,True,26740060,rep1|rep2|rep3,3,500.0,1500.0,source-inventory evidence; not a deposited file-level manifest
Gs_7D7M,production_trajectory,prod2_now.nc,7D7M,True,24448121056,rep1|rep2|rep3,3,500.0,1500.0,source-inventory evidence; not a deposited file-level manifest
Gs_7D7M,topology,now.prmtop,7D7M,True,27318744,rep1|rep2|rep3,3,500.0,1500.0,source-inventory evidence; not a deposited file-level manifest
Gs_7DUQ,production_trajectory,traj1.nc,7DUQ,True,2302000828,rep1|rep2|rep3,3,500.0,1500.0,source-inventory evidence; not a deposited file-level manifest
Gs_7DUQ,topology,now.prmtop,7DUQ,True,26696819,rep1|rep2|rep3,3,500.0,1500.0,source-inventory evidence; not a deposited file-level manifest
Gs_7EQ1,production_trajectory,traj1.nc,7EQ1,True,2043400828,rep1|rep2|rep3,3,500.0,1500.0,source-inventory evidence; not a deposited file-level manifest
Gs_7EQ1,topology,now.prmtop,7EQ1,True,25366650,rep1|rep2|rep3,3,500.0,1500.0,source-inventory evidence; not a deposited file-level manifest
Gs_7F16,production_trajectory,traj1.nc,7F16,True,2321920828,rep1|rep2|rep3,3,500.0,1500.0,source-inventory evidence; not a deposited file-level manifest
Gs_7F16,topology,now.prmtop,7F16,True,26485495,rep1|rep2|rep3,3,500.0,1500.0,source-inventory evidence; not a deposited file-level manifest
Gs_7F4H,production_trajectory,prod2_now.nc,7F4H,True,23036561056,rep1|rep2|rep3,3,500.0,1500.0,source-inventory evidence; not a deposited file-level manifest
Gs_7F4H,topology,now.prmtop,7F4H,True,25711084,rep1|rep2|rep3,3,500.0,1500.0,source-inventory evidence; not a deposited file-level manifest
Gs_7F54,production_trajectory,prod2_now.nc,7F54,True,23106041056,rep1|rep2|rep3,3,500.0,1500.0,source-inventory evidence; not a deposited file-level manifest
Gs_7F54,topology,now.prmtop,7F54,True,25782788,rep1|rep2|rep3,3,500.0,1500.0,source-inventory evidence; not a deposited file-level manifest
Gs_7FIG,production_trajectory,prod2_now.nc,7FIG,True,26330561056,rep1|rep2|rep3,3,500.0,1500.0,source-inventory evidence; not a deposited file-level manifest
Gs_7FIG,topology,now.prmtop,7FIG,True,29269208,rep1|rep2|rep3,3,500.0,1500.0,source-inventory evidence; not a deposited file-level manifest
Gs_7FIN,production_trajectory,traj1.nc,7FIN,True,2290360828,rep1|rep2|rep3,3,500.0,1500.0,source-inventory evidence; not a deposited file-level manifest
Gs_7FIN,topology,now.prmtop,7FIN,True,26325919,rep1|rep2|rep3,3,500.0,1500.0,source-inventory evidence; not a deposited file-level manifest
Gs_7JVQ,production_trajectory,prod2_now.nc,7JVQ,True,23324561056,rep1|rep2|rep3,3,500.0,1500.0,source-inventory evidence; not a deposited file-level manifest
Gs_7JVQ,topology,now.prmtop,7JVQ,True,26020839,rep1|rep2|rep3,3,500.0,1500.0,source-inventory evidence; not a deposited file-level manifest
Gs_7KH0,production_trajectory,prod2_now.nc,7KH0,True,23097401056,rep1|rep2|rep3,3,500.0,1500.0,source-inventory evidence; not a deposited file-level manifest
Gs_7KH0,topology,now.prmtop,7KH0,True,25743844,rep1|rep2|rep3,3,500.0,1500.0,source-inventory evidence; not a deposited file-level manifest
Gs_7L1V,production_trajectory,prod2_now.nc,7L1V,True,22491161056,rep1|rep2|rep3,3,500.0,1500.0,source-inventory evidence; not a deposited file-level manifest
Gs_7L1V,topology,now.prmtop,7L1V,True,25187241,rep1|rep2|rep3,3,500.0,1500.0,source-inventory evidence; not a deposited file-level manifest
Gs_7MBX,production_trajectory,prod2_now.nc,7MBX,True,23590961056,rep1|rep2|rep3,3,500.0,1500.0,source-inventory evidence; not a deposited file-level manifest
Gs_7MBX,topology,now.prmtop,7MBX,True,26284247,rep1|rep2|rep3,3,500.0,1500.0,source-inventory evidence; not a deposited file-level manifest
Gs_7RMH,production_trajectory,prod2_now.nc,7RMH,True,22822721056,rep1|rep2|rep3,3,500.0,1500.0,source-inventory evidence; not a deposited file-level manifest
Gs_7RMH,topology,now.prmtop,7RMH,True,25455100,rep1|rep2|rep3,3,500.0,1500.0,source-inventory evidence; not a deposited file-level manifest
Gs_7T9N,production_trajectory,prod2_now.nc,7T9N,True,33445601056,rep1|rep2|rep3,3,500.0,1500.0,source-inventory evidence; not a deposited file-level manifest
Gs_7T9N,topology,now.prmtop,7T9N,True,37319728,rep1|rep2|rep3,3,500.0,1500.0,source-inventory evidence; not a deposited file-level manifest
Gs_7TMW,production_trajectory,prod2_now.nc,7TMW,True,23799401056,rep1|rep2|rep3,3,500.0,1500.0,source-inventory evidence; not a deposited file-level manifest
Gs_7TMW,topology,now.prmtop,7TMW,True,26473049,rep1|rep2|rep3,3,500.0,1500.0,source-inventory evidence; not a deposited file-level manifest
Gs_7V9M,production_trajectory,traj1.nc,7V9M,True,2035240828,rep1|rep2|rep3,3,500.0,1500.0,source-inventory evidence; not a deposited file-level manifest
Gs_7V9M,topology,now.prmtop,7V9M,True,25897041,rep1|rep2|rep3,3,500.0,1500.0,source-inventory evidence; not a deposited file-level manifest
Gs_7WBJ,production_trajectory,traj1.nc,7WBJ,True,2236120828,rep1|rep2|rep3,3,500.0,1500.0,source-inventory evidence; not a deposited file-level manifest
Gs_7WBJ,topology,now.prmtop,7WBJ,True,26326521,rep1|rep2|rep3,3,500.0,1500.0,source-inventory evidence; not a deposited file-level manifest
Gs_7WU2,production_trajectory,traj1.nc,7WU2,True,1959880828,rep1|rep2|rep3,3,500.0,1500.0,source-inventory evidence; not a deposited file-level manifest
Gs_7WU2,topology,now.prmtop,7WU2,True,25645956,rep1|rep2|rep3,3,500.0,1500.0,source-inventory evidence; not a deposited file-level manifest
Gs_7WU3,production_trajectory,traj1.nc,7WU3,True,1995160828,rep1|rep2|rep3,3,500.0,1500.0,source-inventory evidence; not a deposited file-level manifest
Gs_7WU3,topology,now.prmtop,7WU3,True,25663121,rep1|rep2|rep3,3,500.0,1500.0,source-inventory evidence; not a deposited file-level manifest
Gs_7WUJ,production_trajectory,traj1.nc,7WUJ,True,2011600828,rep1|rep2|rep3,3,500.0,1500.0,source-inventory evidence; not a deposited file-level manifest
Gs_7WUJ,topology,now.prmtop,7WUJ,True,25316199,rep1|rep2|rep3,3,500.0,1500.0,source-inventory evidence; not a deposited file-level manifest
Gs_7XT8,production_trajectory,prod2_now.nc,7XT8,True,24721721056,rep1|rep2|rep3,3,500.0,1500.0,source-inventory evidence; not a deposited file-level manifest
Gs_7XT8,topology,now.prmtop,7XT8,True,27619843,rep1|rep2|rep3,3,500.0,1500.0,source-inventory evidence; not a deposited file-level manifest
Gs_7XTB,production_trajectory,prod2_now.nc,7XTB,True,23219081056,rep1|rep2|rep3,3,500.0,1500.0,source-inventory evidence; not a deposited file-level manifest
Gs_7XTB,topology,now.prmtop,7XTB,True,25936221,rep1|rep2|rep3,3,500.0,1500.0,source-inventory evidence; not a deposited file-level manifest
Gs_7XTC,production_trajectory,prod2_now.nc,7XTC,True,25723241056,rep1|rep2|rep3,3,500.0,1500.0,source-inventory evidence; not a deposited file-level manifest
Gs_7XTC,topology,now.prmtop,7XTC,True,28750916,rep1|rep2|rep3,3,500.0,1500.0,source-inventory evidence; not a deposited file-level manifest
Gs_7XV3,production_trajectory,prod2_now.nc,7XV3,True,23412761056,rep1|rep2|rep3,3,500.0,1500.0,source-inventory evidence; not a deposited file-level manifest
Gs_7XV3,topology,now.prmtop,7XV3,True,26178863,rep1|rep2|rep3,3,500.0,1500.0,source-inventory evidence; not a deposited file-level manifest
Gs_7XZ5,production_trajectory,prod2_now.nc,7XZ5,True,22971041056,rep1|rep2|rep3,3,500.0,1500.0,source-inventory evidence; not a deposited file-level manifest
Gs_7XZ5,topology,now.prmtop,7XZ5,True,25673873,rep1|rep2|rep3,3,500.0,1500.0,source-inventory evidence; not a deposited file-level manifest
Gs_7Y3G,production_trajectory,prod2_now.nc,7Y3G,True,23140601056,rep1|rep2|rep3,3,500.0,1500.0,source-inventory evidence; not a deposited file-level manifest
Gs_7Y3G,topology,now.prmtop,7Y3G,True,25823763,rep1|rep2|rep3,3,500.0,1500.0,source-inventory evidence; not a deposited file-level manifest
Gs_8E3X,production_trajectory,traj1.nc,8E3X,True,2277280828,rep1|rep2|rep3,3,500.0,1500.0,source-inventory evidence; not a deposited file-level manifest
Gs_8E3X,topology,now.prmtop,8E3X,True,26400778,rep1|rep2|rep3,3,500.0,1500.0,source-inventory evidence; not a deposited file-level manifest
Gs_8E3Y,production_trajectory,traj1.nc,8E3Y,True,2239240828,rep1|rep2|rep3,3,500.0,1500.0,source-inventory evidence; not a deposited file-level manifest
Gs_8E3Y,topology,now.prmtop,8E3Y,True,26343498,rep1|rep2|rep3,3,500.0,1500.0,source-inventory evidence; not a deposited file-level manifest
Gs_8F0J,production_trajectory,traj1.nc,8F0J,True,2269360828,rep1|rep2|rep3,3,500.0,1500.0,source-inventory evidence; not a deposited file-level manifest
Gs_8F0J,topology,now.prmtop,8F0J,True,26491182,rep1|rep2|rep3,3,500.0,1500.0,source-inventory evidence; not a deposited file-level manifest
Gs_8F76,production_trajectory,prod2_now.nc,8F76,True,22638041056,rep1|rep2|rep3,3,500.0,1500.0,source-inventory evidence; not a deposited file-level manifest
Gs_8F76,topology,now.prmtop,8F76,True,25254639,rep1|rep2|rep3,3,500.0,1500.0,source-inventory evidence; not a deposited file-level manifest
Gs_8FU6,production_trajectory,traj1.nc,8FU6,True,2309560828,rep1|rep2|rep3,3,500.0,1500.0,source-inventory evidence; not a deposited file-level manifest
Gs_8FU6,topology,now.prmtop,8FU6,True,26558366,rep1|rep2|rep3,3,500.0,1500.0,source-inventory evidence; not a deposited file-level manifest
Gs_8H4I,production_trajectory,prod2_now.nc,8H4I,True,22421321056,rep1|rep2|rep3,3,500.0,1500.0,source-inventory evidence; not a deposited file-level manifest
Gs_8H4I,topology,now.prmtop,8H4I,True,25061912,rep1|rep2|rep3,3,500.0,1500.0,source-inventory evidence; not a deposited file-level manifest
Gs_8HDP,production_trajectory,prod2_now.nc,8HDP,True,22414121056,rep1|rep2|rep3,3,500.0,1500.0,source-inventory evidence; not a deposited file-level manifest
Gs_8HDP,topology,now.prmtop,8HDP,True,25109043,rep1|rep2|rep3,3,500.0,1500.0,source-inventory evidence; not a deposited file-level manifest
Gs_8HJ1,production_trajectory,prod2_now.nc,8HJ1,True,22920281056,rep1|rep2|rep3,3,500.0,1500.0,source-inventory evidence; not a deposited file-level manifest
Gs_8HJ1,topology,now.prmtop,8HJ1,True,25547581,rep1|rep2|rep3,3,500.0,1500.0,source-inventory evidence; not a deposited file-level manifest
Gs_8HJ2,production_trajectory,prod2_now.nc,8HJ2,True,22708961056,rep1|rep2|rep3,3,500.0,1500.0,source-inventory evidence; not a deposited file-level manifest
Gs_8HJ2,topology,now.prmtop,8HJ2,True,25329930,rep1|rep2|rep3,3,500.0,1500.0,source-inventory evidence; not a deposited file-level manifest
Gs_8HTI,production_trajectory,prod2_now.nc,8HTI,True,22697081056,rep1|rep2|rep3,3,500.0,1500.0,source-inventory evidence; not a deposited file-level manifest
Gs_8HTI,topology,now.prmtop,8HTI,True,25371142,rep1|rep2|rep3,3,500.0,1500.0,source-inventory evidence; not a deposited file-level manifest
Gs_8I2G,production_trajectory,prod2_now.nc,8I2G,True,24241481056,rep1|rep2|rep3,3,500.0,1500.0,source-inventory evidence; not a deposited file-level manifest
Gs_8I2G,topology,now.prmtop,8I2G,True,27027870,rep1|rep2|rep3,3,500.0,1500.0,source-inventory evidence; not a deposited file-level manifest
Gs_8INR,production_trajectory,prod2_now.nc,8INR,True,23086241056,rep1|rep2|rep3,3,500.0,1500.0,source-inventory evidence; not a deposited file-level manifest
Gs_8INR,topology,now.prmtop,8INR,True,25752628,rep1|rep2|rep3,3,500.0,1500.0,source-inventory evidence; not a deposited file-level manifest
Gs_8IOC,production_trajectory,prod2_now.nc,8IOC,True,22167161056,rep1|rep2|rep3,3,500.0,1500.0,source-inventory evidence; not a deposited file-level manifest
Gs_8IOC,topology,now.prmtop,8IOC,True,24776559,rep1|rep2|rep3,3,500.0,1500.0,source-inventory evidence; not a deposited file-level manifest
Gs_8IRV,production_trajectory,prod2_now.nc,8IRV,True,23160401056,rep1|rep2|rep3,3,500.0,1500.0,source-inventory evidence; not a deposited file-level manifest
Gs_8IRV,topology,now.prmtop,8IRV,True,25850124,rep1|rep2|rep3,3,500.0,1500.0,source-inventory evidence; not a deposited file-level manifest
Gs_8JPP,production_trajectory,prod2_now.nc,8JPP,True,26240201056,rep1|rep2|rep3,3,500.0,1500.0,source-inventory evidence; not a deposited file-level manifest
Gs_8JPP,topology,now.prmtop,8JPP,True,29298246,rep1|rep2|rep3,3,500.0,1500.0,source-inventory evidence; not a deposited file-level manifest
Gs_8KGK,production_trajectory,prod2_now.nc,8KGK,True,23412761056,rep1|rep2|rep3,3,500.0,1500.0,source-inventory evidence; not a deposited file-level manifest
Gs_8KGK,topology,now.prmtop,8KGK,True,26101007,rep1|rep2|rep3,3,500.0,1500.0,source-inventory evidence; not a deposited file-level manifest
Gs_8KH5,production_trajectory,prod2_now.nc,8KH5,True,23311601056,rep1|rep2|rep3,3,500.0,1500.0,source-inventory evidence; not a deposited file-level manifest
Gs_8KH5,topology,now.prmtop,8KH5,True,26075941,rep1|rep2|rep3,3,500.0,1500.0,source-inventory evidence; not a deposited file-level manifest
Gs_8SMV,production_trajectory,prod2_now.nc,8SMV,True,26042561056,rep1|rep2|rep3,3,500.0,1500.0,source-inventory evidence; not a deposited file-level manifest
Gs_8SMV,topology,now.prmtop,8SMV,True,29036874,rep1|rep2|rep3,3,500.0,1500.0,source-inventory evidence; not a deposited file-level manifest
Gs_8U8F,production_trajectory,prod2_now.nc,8U8F,True,23003441056,rep1|rep2|rep3,3,500.0,1500.0,source-inventory evidence; not a deposited file-level manifest
Gs_8U8F,topology,now.prmtop,8U8F,True,25675567,rep1|rep2|rep3,3,500.0,1500.0,source-inventory evidence; not a deposited file-level manifest
Gs_8W87,production_trajectory,prod2_now.nc,8W87,True,22457681056,rep1|rep2|rep3,3,500.0,1500.0,source-inventory evidence; not a deposited file-level manifest
Gs_8W87,topology,now.prmtop,8W87,True,25077688,rep1|rep2|rep3,3,500.0,1500.0,source-inventory evidence; not a deposited file-level manifest
Gs_8W8Q,production_trajectory,prod2_now.nc,8W8Q,True,51197921056,rep1|rep2|rep3,3,500.0,1500.0,source-inventory evidence; not a deposited file-level manifest
Gs_8W8Q,topology,now.prmtop,8W8Q,True,57239784,rep1|rep2|rep3,3,500.0,1500.0,source-inventory evidence; not a deposited file-level manifest
Gs_8WJX,production_trajectory,prod2_now.nc,8WJX,True,23143841056,rep1|rep2|rep3,3,500.0,1500.0,source-inventory evidence; not a deposited file-level manifest
Gs_8WJX,topology,now.prmtop,8WJX,True,25882287,rep1|rep2|rep3,3,500.0,1500.0,source-inventory evidence; not a deposited file-level manifest
Gs_8X79,production_trajectory,prod2_now.nc,8X79,True,23120081056,rep1|rep2|rep3,3,500.0,1500.0,source-inventory evidence; not a deposited file-level manifest
Gs_8X79,topology,now.prmtop,8X79,True,25831449,rep1|rep2|rep3,3,500.0,1500.0,source-inventory evidence; not a deposited file-level manifest
Gs_8XVI,production_trajectory,prod2_now.nc,8XVI,True,23346521056,rep1|rep2|rep3,3,500.0,1500.0,source-inventory evidence; not a deposited file-level manifest
Gs_8XVI,topology,now.prmtop,8XVI,True,26007695,rep1|rep2|rep3,3,500.0,1500.0,source-inventory evidence; not a deposited file-level manifest
Gs_8YN2,production_trajectory,prod2_now.nc,8YN2,True,28301561056,rep1|rep2|rep3,3,500.0,1500.0,source-inventory evidence; not a deposited file-level manifest
Gs_8YN2,topology,now.prmtop,8YN2,True,31629590,rep1|rep2|rep3,3,500.0,1500.0,source-inventory evidence; not a deposited file-level manifest
Gs_8YUT,production_trajectory,prod2_now.nc,8YUT,True,22716161056,rep1|rep2|rep3,3,500.0,1500.0,source-inventory evidence; not a deposited file-level manifest
Gs_8YUT,topology,now.prmtop,8YUT,True,25370488,rep1|rep2|rep3,3,500.0,1500.0,source-inventory evidence; not a deposited file-level manifest
Gs_8YUV,production_trajectory,prod2_now.nc,8YUV,True,24313481056,rep1|rep2|rep3,3,500.0,1500.0,source-inventory evidence; not a deposited file-level manifest
Gs_8YUV,topology,now.prmtop,8YUV,True,27151465,rep1|rep2|rep3,3,500.0,1500.0,source-inventory evidence; not a deposited file-level manifest
Gs_9BLC,production_trajectory,prod2_now.nc,9BLC,True,23726681056,rep1|rep2|rep3,3,500.0,1500.0,source-inventory evidence; not a deposited file-level manifest
Gs_9BLC,topology,now.prmtop,9BLC,True,26423278,rep1|rep2|rep3,3,500.0,1500.0,source-inventory evidence; not a deposited file-level manifest
