system_id,replica_id,release_selection_status,duration_ns,system_total_sampling_ns,qc_scope
G12_7SF7,1,selected_validated,500,1500,release-readiness selection; frozen per-file archival QC pending manifest freeze
G12_7SF7,2,selected_validated,500,1500,release-readiness selection; frozen per-file archival QC pending manifest freeze
G12_7SF7,3,selected_validated,500,1500,release-readiness selection; frozen per-file archival QC pending manifest freeze
G12_7SF8,1,selected_validated,500,1500,release-readiness selection; frozen per-file archival QC pending manifest freeze
G12_7SF8,2,selected_validated,500,1500,release-readiness selection; frozen per-file archival QC pending manifest freeze
G12_7SF8,3,selected_validated,500,1500,release-readiness selection; frozen per-file archival QC pending manifest freeze
G12_7T6B,1,selected_validated,500,1500,release-readiness selection; frozen per-file archival QC pending manifest freeze
G12_7T6B,2,selected_validated,500,1500,release-readiness selection; frozen per-file archival QC pending manifest freeze
G12_7T6B,3,selected_validated,500,1500,release-readiness selection; frozen per-file archival QC pending manifest freeze
G12_8IKL,1,selected_validated,500,1500,release-readiness selection; frozen per-file archival QC pending manifest freeze
G12_8IKL,2,selected_validated,500,1500,release-readiness selection; frozen per-file archival QC pending manifest freeze
G12_8IKL,3,selected_validated,500,1500,release-readiness selection; frozen per-file archival QC pending manifest freeze
G12_8KGG,1,selected_validated,500,1500,release-readiness selection; frozen per-file archival QC pending manifest freeze
G12_8KGG,2,selected_validated,500,1500,release-readiness selection; frozen per-file archival QC pending manifest freeze
G12_8KGG,3,selected_validated,500,1500,release-readiness selection; frozen per-file archival QC pending manifest freeze
G12_9IY8,1,selected_validated,500,1500,release-readiness selection; frozen per-file archival QC pending manifest freeze
G12_9IY8,2,selected_validated,500,1500,release-readiness selection; frozen per-file archival QC pending manifest freeze
G12_9IY8,3,selected_validated,500,1500,release-readiness selection; frozen per-file archival QC pending manifest freeze
Gi_6CMO,1,selected_validated,500,1500,release-readiness selection; frozen per-file archival QC pending manifest freeze
Gi_6CMO,2,selected_validated,500,1500,release-readiness selection; frozen per-file archival QC pending manifest freeze
Gi_6CMO,3,selected_validated,500,1500,release-readiness selection; frozen per-file archival QC pending manifest freeze
Gi_6D9H,1,selected_validated,500,1500,release-readiness selection; frozen per-file archival QC pending manifest freeze
Gi_6D9H,2,selected_validated,500,1500,release-readiness selection; frozen per-file archival QC pending manifest freeze
Gi_6D9H,3,selected_validated,500,1500,release-readiness selection; frozen per-file archival QC pending manifest freeze
Gi_6G79,1,selected_validated,500,1500,release-readiness selection; frozen per-file archival QC pending manifest freeze
Gi_6G79,2,selected_validated,500,1500,release-readiness selection; frozen per-file archival QC pending manifest freeze
Gi_6G79,3,selected_validated,500,1500,release-readiness selection; frozen per-file archival QC pending manifest freeze
Gi_6K42,1,selected_validated,500,1500,release-readiness selection; frozen per-file archival QC pending manifest freeze
Gi_6K42,2,selected_validated,500,1500,release-readiness selection; frozen per-file archival QC pending manifest freeze
Gi_6K42,3,selected_validated,500,1500,release-readiness selection; frozen per-file archival QC pending manifest freeze
Gi_6LFO,1,selected_validated,500,1500,release-readiness selection; frozen per-file archival QC pending manifest freeze
Gi_6LFO,2,selected_validated,500,1500,release-readiness selection; frozen per-file archival QC pending manifest freeze
Gi_6LFO,3,selected_validated,500,1500,release-readiness selection; frozen per-file archival QC pending manifest freeze
Gi_6LML,1,selected_validated,500,1500,release-readiness selection; frozen per-file archival QC pending manifest freeze
Gi_6LML,2,selected_validated,500,1500,release-readiness selection; frozen per-file archival QC pending manifest freeze
Gi_6LML,3,selected_validated,500,1500,release-readiness selection; frozen per-file archival QC pending manifest freeze
Gi_6OSA,1,selected_validated,500,1500,release-readiness selection; frozen per-file archival QC pending manifest freeze
Gi_6OSA,2,selected_validated,500,1500,release-readiness selection; frozen per-file archival QC pending manifest freeze
Gi_6OSA,3,selected_validated,500,1500,release-readiness selection; frozen per-file archival QC pending manifest freeze
Gi_6PT0,1,selected_validated,500,1500,release-readiness selection; frozen per-file archival QC pending manifest freeze
Gi_6PT0,2,selected_validated,500,1500,release-readiness selection; frozen per-file archival QC pending manifest freeze
Gi_6PT0,3,selected_validated,500,1500,release-readiness selection; frozen per-file archival QC pending manifest freeze
Gi_6WWZ,1,selected_validated,500,1500,release-readiness selection; frozen per-file archival QC pending manifest freeze
Gi_6WWZ,2,selected_validated,500,1500,release-readiness selection; frozen per-file archival QC pending manifest freeze
Gi_6WWZ,3,selected_validated,500,1500,release-readiness selection; frozen per-file archival QC pending manifest freeze
Gi_7CMV,1,selected_validated,500,1500,release-readiness selection; frozen per-file archival QC pending manifest freeze
Gi_7CMV,2,selected_validated,500,1500,release-readiness selection; frozen per-file archival QC pending manifest freeze
Gi_7CMV,3,selected_validated,500,1500,release-readiness selection; frozen per-file archival QC pending manifest freeze
Gi_7D77,1,selected_validated,500,1500,release-readiness selection; frozen per-file archival QC pending manifest freeze
Gi_7D77,2,selected_validated,500,1500,release-readiness selection; frozen per-file archival QC pending manifest freeze
Gi_7D77,3,selected_validated,500,1500,release-readiness selection; frozen per-file archival QC pending manifest freeze
Gi_7E2X,1,selected_validated,500,1500,release-readiness selection; frozen per-file archival QC pending manifest freeze
Gi_7E2X,2,selected_validated,500,1500,release-readiness selection; frozen per-file archival QC pending manifest freeze
Gi_7E2X,3,selected_validated,500,1500,release-readiness selection; frozen per-file archival QC pending manifest freeze
Gi_7E32,1,selected_validated,500,1500,release-readiness selection; frozen per-file archival QC pending manifest freeze
Gi_7E32,2,selected_validated,500,1500,release-readiness selection; frozen per-file archival QC pending manifest freeze
Gi_7E32,3,selected_validated,500,1500,release-readiness selection; frozen per-file archival QC pending manifest freeze
Gi_7E33,1,selected_validated,500,1500,release-readiness selection; frozen per-file archival QC pending manifest freeze
Gi_7E33,2,selected_validated,500,1500,release-readiness selection; frozen per-file archival QC pending manifest freeze
Gi_7E33,3,selected_validated,500,1500,release-readiness selection; frozen per-file archival QC pending manifest freeze
Gi_7EJX,1,selected_validated,500,1500,release-readiness selection; frozen per-file archival QC pending manifest freeze
Gi_7EJX,2,selected_validated,500,1500,release-readiness selection; frozen per-file archival QC pending manifest freeze
Gi_7EJX,3,selected_validated,500,1500,release-readiness selection; frozen per-file archival QC pending manifest freeze
Gi_7EW1,1,selected_validated,500,1500,release-readiness selection; frozen per-file archival QC pending manifest freeze
Gi_7EW1,2,selected_validated,500,1500,release-readiness selection; frozen per-file archival QC pending manifest freeze
Gi_7EW1,3,selected_validated,500,1500,release-readiness selection; frozen per-file archival QC pending manifest freeze
Gi_7EW4,1,selected_validated,500,1500,release-readiness selection; frozen per-file archival QC pending manifest freeze
Gi_7EW4,2,selected_validated,500,1500,release-readiness selection; frozen per-file archival QC pending manifest freeze
Gi_7EW4,3,selected_validated,500,1500,release-readiness selection; frozen per-file archival QC pending manifest freeze
Gi_7EXD,1,selected_validated,500,1500,release-readiness selection; frozen per-file archival QC pending manifest freeze
Gi_7EXD,2,selected_validated,500,1500,release-readiness selection; frozen per-file archival QC pending manifest freeze
Gi_7EXD,3,selected_validated,500,1500,release-readiness selection; frozen per-file archival QC pending manifest freeze
Gi_7EZH,1,selected_validated,500,1500,release-readiness selection; frozen per-file archival QC pending manifest freeze
Gi_7EZH,2,selected_validated,500,1500,release-readiness selection; frozen per-file archival QC pending manifest freeze
Gi_7EZH,3,selected_validated,500,1500,release-readiness selection; frozen per-file archival QC pending manifest freeze
Gi_7F1Q,1,selected_validated,500,1500,release-readiness selection; frozen per-file archival QC pending manifest freeze
Gi_7F1Q,2,selected_validated,500,1500,release-readiness selection; frozen per-file archival QC pending manifest freeze
Gi_7F1Q,3,selected_validated,500,1500,release-readiness selection; frozen per-file archival QC pending manifest freeze
Gi_7F8V,1,selected_validated,500,1500,release-readiness selection; frozen per-file archival QC pending manifest freeze
Gi_7F8V,2,selected_validated,500,1500,release-readiness selection; frozen per-file archival QC pending manifest freeze
Gi_7F8V,3,selected_validated,500,1500,release-readiness selection; frozen per-file archival QC pending manifest freeze
Gi_7NA7,1,selected_validated,500,1500,release-readiness selection; frozen per-file archival QC pending manifest freeze
Gi_7NA7,2,selected_validated,500,1500,release-readiness selection; frozen per-file archival QC pending manifest freeze
Gi_7NA7,3,selected_validated,500,1500,release-readiness selection; frozen per-file archival QC pending manifest freeze
Gi_7QVM,1,selected_validated,500,1500,release-readiness selection; frozen per-file archival QC pending manifest freeze
Gi_7QVM,2,selected_validated,500,1500,release-readiness selection; frozen per-file archival QC pending manifest freeze
Gi_7QVM,3,selected_validated,500,1500,release-readiness selection; frozen per-file archival QC pending manifest freeze
Gi_7SQO,1,selected_validated,500,1500,release-readiness selection; frozen per-file archival QC pending manifest freeze
Gi_7SQO,2,selected_validated,500,1500,release-readiness selection; frozen per-file archival QC pending manifest freeze
Gi_7SQO,3,selected_validated,500,1500,release-readiness selection; frozen per-file archival QC pending manifest freeze
Gi_7T10,1,selected_validated,500,1500,release-readiness selection; frozen per-file archival QC pending manifest freeze
Gi_7T10,2,selected_validated,500,1500,release-readiness selection; frozen per-file archival QC pending manifest freeze
Gi_7T10,3,selected_validated,500,1500,release-readiness selection; frozen per-file archival QC pending manifest freeze
Gi_7T96,1,selected_validated,500,1500,release-readiness selection; frozen per-file archival QC pending manifest freeze
Gi_7T96,2,selected_validated,500,1500,release-readiness selection; frozen per-file archival QC pending manifest freeze
Gi_7T96,3,selected_validated,500,1500,release-readiness selection; frozen per-file archival QC pending manifest freeze
Gi_7TS0,1,selected_validated,500,1500,release-readiness selection; frozen per-file archival QC pending manifest freeze
Gi_7TS0,2,selected_validated,500,1500,release-readiness selection; frozen per-file archival QC pending manifest freeze
Gi_7TS0,3,selected_validated,500,1500,release-readiness selection; frozen per-file archival QC pending manifest freeze
Gi_7TUZ,1,selected_validated,500,1500,release-readiness selection; frozen per-file archival QC pending manifest freeze
Gi_7TUZ,2,selected_validated,500,1500,release-readiness selection; frozen per-file archival QC pending manifest freeze
Gi_7TUZ,3,selected_validated,500,1500,release-readiness selection; frozen per-file archival QC pending manifest freeze
Gi_7VDL,1,selected_validated,500,1500,release-readiness selection; frozen per-file archival QC pending manifest freeze
Gi_7VDL,2,selected_validated,500,1500,release-readiness selection; frozen per-file archival QC pending manifest freeze
Gi_7VDL,3,selected_validated,500,1500,release-readiness selection; frozen per-file archival QC pending manifest freeze
Gi_7VGZ,1,selected_validated,500,1500,release-readiness selection; frozen per-file archival QC pending manifest freeze
Gi_7VGZ,2,selected_validated,500,1500,release-readiness selection; frozen per-file archival QC pending manifest freeze
Gi_7VGZ,3,selected_validated,500,1500,release-readiness selection; frozen per-file archival QC pending manifest freeze
Gi_7VH0,1,selected_validated,500,1500,release-readiness selection; frozen per-file archival QC pending manifest freeze
Gi_7VH0,2,selected_validated,500,1500,release-readiness selection; frozen per-file archival QC pending manifest freeze
Gi_7VH0,3,selected_validated,500,1500,release-readiness selection; frozen per-file archival QC pending manifest freeze
Gi_7VIF,1,selected_validated,500,1500,release-readiness selection; frozen per-file archival QC pending manifest freeze
Gi_7VIF,2,selected_validated,500,1500,release-readiness selection; frozen per-file archival QC pending manifest freeze
Gi_7VIF,3,selected_validated,500,1500,release-readiness selection; frozen per-file archival QC pending manifest freeze
Gi_7VKT,1,selected_validated,500,1500,release-readiness selection; frozen per-file archival QC pending manifest freeze
Gi_7VKT,2,selected_validated,500,1500,release-readiness selection; frozen per-file archival QC pending manifest freeze
Gi_7VKT,3,selected_validated,500,1500,release-readiness selection; frozen per-file archival QC pending manifest freeze
Gi_7VL9,1,selected_validated,500,1500,release-readiness selection; frozen per-file archival QC pending manifest freeze
Gi_7VL9,2,selected_validated,500,1500,release-readiness selection; frozen per-file archival QC pending manifest freeze
Gi_7VL9,3,selected_validated,500,1500,release-readiness selection; frozen per-file archival QC pending manifest freeze
Gi_7W0N,1,selected_validated,500,1500,release-readiness selection; frozen per-file archival QC pending manifest freeze
Gi_7W0N,2,selected_validated,500,1500,release-readiness selection; frozen per-file archival QC pending manifest freeze
Gi_7W0N,3,selected_validated,500,1500,release-readiness selection; frozen per-file archival QC pending manifest freeze
Gi_7W6P,1,selected_validated,500,1500,release-readiness selection; frozen per-file archival QC pending manifest freeze
Gi_7W6P,2,selected_validated,500,1500,release-readiness selection; frozen per-file archival QC pending manifest freeze
Gi_7W6P,3,selected_validated,500,1500,release-readiness selection; frozen per-file archival QC pending manifest freeze
Gi_7WQ3,1,selected_validated,500,1500,release-readiness selection; frozen per-file archival QC pending manifest freeze
Gi_7WQ3,2,selected_validated,500,1500,release-readiness selection; frozen per-file archival QC pending manifest freeze
Gi_7WQ3,3,selected_validated,500,1500,release-readiness selection; frozen per-file archival QC pending manifest freeze
Gi_7WU9,1,selected_validated,500,1500,release-readiness selection; frozen per-file archival QC pending manifest freeze
Gi_7WU9,2,selected_validated,500,1500,release-readiness selection; frozen per-file archival QC pending manifest freeze
Gi_7WU9,3,selected_validated,500,1500,release-readiness selection; frozen per-file archival QC pending manifest freeze
Gi_7WV9,1,selected_validated,500,1500,release-readiness selection; frozen per-file archival QC pending manifest freeze
Gi_7WV9,2,selected_validated,500,1500,release-readiness selection; frozen per-file archival QC pending manifest freeze
Gi_7WV9,3,selected_validated,500,1500,release-readiness selection; frozen per-file archival QC pending manifest freeze
Gi_7WVU,1,selected_validated,500,1500,release-readiness selection; frozen per-file archival QC pending manifest freeze
Gi_7WVU,2,selected_validated,500,1500,release-readiness selection; frozen per-file archival QC pending manifest freeze
Gi_7WVU,3,selected_validated,500,1500,release-readiness selection; frozen per-file archival QC pending manifest freeze
Gi_7WVX,1,selected_validated,500,1500,release-readiness selection; frozen per-file archival QC pending manifest freeze
Gi_7WVX,2,selected_validated,500,1500,release-readiness selection; frozen per-file archival QC pending manifest freeze
Gi_7WVX,3,selected_validated,500,1500,release-readiness selection; frozen per-file archival QC pending manifest freeze
Gi_7X5H,1,selected_validated,500,1500,release-readiness selection; frozen per-file archival QC pending manifest freeze
Gi_7X5H,2,selected_validated,500,1500,release-readiness selection; frozen per-file archival QC pending manifest freeze
Gi_7X5H,3,selected_validated,500,1500,release-readiness selection; frozen per-file archival QC pending manifest freeze
Gi_7X9A,1,selected_validated,500,1500,release-readiness selection; frozen per-file archival QC pending manifest freeze
Gi_7X9A,2,selected_validated,500,1500,release-readiness selection; frozen per-file archival QC pending manifest freeze
Gi_7X9A,3,selected_validated,500,1500,release-readiness selection; frozen per-file archival QC pending manifest freeze
Gi_7X9C,1,selected_validated,500,1500,release-readiness selection; frozen per-file archival QC pending manifest freeze
Gi_7X9C,2,selected_validated,500,1500,release-readiness selection; frozen per-file archival QC pending manifest freeze
Gi_7X9C,3,selected_validated,500,1500,release-readiness selection; frozen per-file archival QC pending manifest freeze
Gi_7X9Y,1,selected_validated,500,1500,release-readiness selection; frozen per-file archival QC pending manifest freeze
Gi_7X9Y,2,selected_validated,500,1500,release-readiness selection; frozen per-file archival QC pending manifest freeze
Gi_7X9Y,3,selected_validated,500,1500,release-readiness selection; frozen per-file archival QC pending manifest freeze
Gi_7XA3,1,selected_validated,500,1500,release-readiness selection; frozen per-file archival QC pending manifest freeze
Gi_7XA3,2,selected_validated,500,1500,release-readiness selection; frozen per-file archival QC pending manifest freeze
Gi_7XA3,3,selected_validated,500,1500,release-readiness selection; frozen per-file archival QC pending manifest freeze
Gi_7XBX,1,selected_validated,500,1500,release-readiness selection; frozen per-file archival QC pending manifest freeze
Gi_7XBX,2,selected_validated,500,1500,release-readiness selection; frozen per-file archival QC pending manifest freeze
Gi_7XBX,3,selected_validated,500,1500,release-readiness selection; frozen per-file archival QC pending manifest freeze
Gi_7XK2,1,selected_validated,500,1500,release-readiness selection; frozen per-file archival QC pending manifest freeze
Gi_7XK2,2,selected_validated,500,1500,release-readiness selection; frozen per-file archival QC pending manifest freeze
Gi_7XK2,3,selected_validated,500,1500,release-readiness selection; frozen per-file archival QC pending manifest freeze
Gi_7XK8,1,selected_validated,500,1500,release-readiness selection; frozen per-file archival QC pending manifest freeze
Gi_7XK8,2,selected_validated,500,1500,release-readiness selection; frozen per-file archival QC pending manifest freeze
Gi_7XK8,3,selected_validated,500,1500,release-readiness selection; frozen per-file archival QC pending manifest freeze
Gi_7XMS,1,selected_validated,500,1500,release-readiness selection; frozen per-file archival QC pending manifest freeze
Gi_7XMS,2,selected_validated,500,1500,release-readiness selection; frozen per-file archival QC pending manifest freeze
Gi_7XMS,3,selected_validated,500,1500,release-readiness selection; frozen per-file archival QC pending manifest freeze
Gi_7XTA,1,selected_validated,500,1500,release-readiness selection; frozen per-file archival QC pending manifest freeze
Gi_7XTA,2,selected_validated,500,1500,release-readiness selection; frozen per-file archival QC pending manifest freeze
Gi_7XTA,3,selected_validated,500,1500,release-readiness selection; frozen per-file archival QC pending manifest freeze
Gi_7XXI,1,selected_validated,500,1500,release-readiness selection; frozen per-file archival QC pending manifest freeze
Gi_7XXI,2,selected_validated,500,1500,release-readiness selection; frozen per-file archival QC pending manifest freeze
Gi_7XXI,3,selected_validated,500,1500,release-readiness selection; frozen per-file archival QC pending manifest freeze
Gi_7Y12,1,selected_validated,500,1500,release-readiness selection; frozen per-file archival QC pending manifest freeze
Gi_7Y12,2,selected_validated,500,1500,release-readiness selection; frozen per-file archival QC pending manifest freeze
Gi_7Y12,3,selected_validated,500,1500,release-readiness selection; frozen per-file archival QC pending manifest freeze
Gi_7Y89,1,selected_validated,500,1500,release-readiness selection; frozen per-file archival QC pending manifest freeze
Gi_7Y89,2,selected_validated,500,1500,release-readiness selection; frozen per-file archival QC pending manifest freeze
Gi_7Y89,3,selected_validated,500,1500,release-readiness selection; frozen per-file archival QC pending manifest freeze
Gi_7YK6,1,selected_validated,500,1500,release-readiness selection; frozen per-file archival QC pending manifest freeze
Gi_7YK6,2,selected_validated,500,1500,release-readiness selection; frozen per-file archival QC pending manifest freeze
Gi_7YK6,3,selected_validated,500,1500,release-readiness selection; frozen per-file archival QC pending manifest freeze
Gi_7YK7,1,selected_validated,500,1500,release-readiness selection; frozen per-file archival QC pending manifest freeze
Gi_7YK7,2,selected_validated,500,1500,release-readiness selection; frozen per-file archival QC pending manifest freeze
Gi_7YK7,3,selected_validated,500,1500,release-readiness selection; frozen per-file archival QC pending manifest freeze
Gi_7YKD,1,selected_validated,500,1500,release-readiness selection; frozen per-file archival QC pending manifest freeze
Gi_7YKD,2,selected_validated,500,1500,release-readiness selection; frozen per-file archival QC pending manifest freeze
Gi_7YKD,3,selected_validated,500,1500,release-readiness selection; frozen per-file archival QC pending manifest freeze
Gi_7YON,1,selected_validated,500,1500,release-readiness selection; frozen per-file archival QC pending manifest freeze
Gi_7YON,2,selected_validated,500,1500,release-readiness selection; frozen per-file archival QC pending manifest freeze
Gi_7YON,3,selected_validated,500,1500,release-readiness selection; frozen per-file archival QC pending manifest freeze
Gi_7YU8,1,selected_validated,500,1500,release-readiness selection; frozen per-file archival QC pending manifest freeze
Gi_7YU8,2,selected_validated,500,1500,release-readiness selection; frozen per-file archival QC pending manifest freeze
Gi_7YU8,3,selected_validated,500,1500,release-readiness selection; frozen per-file archival QC pending manifest freeze
Gi_8DZQ,1,selected_validated,500,1500,release-readiness selection; frozen per-file archival QC pending manifest freeze
Gi_8DZQ,2,selected_validated,500,1500,release-readiness selection; frozen per-file archival QC pending manifest freeze
Gi_8DZQ,3,selected_validated,500,1500,release-readiness selection; frozen per-file archival QC pending manifest freeze
Gi_8EFO,1,selected_validated,500,1500,release-readiness selection; frozen per-file archival QC pending manifest freeze
Gi_8EFO,2,selected_validated,500,1500,release-readiness selection; frozen per-file archival QC pending manifest freeze
Gi_8EFO,3,selected_validated,500,1500,release-readiness selection; frozen per-file archival QC pending manifest freeze
Gi_8F7S,1,selected_validated,500,1500,release-readiness selection; frozen per-file archival QC pending manifest freeze
Gi_8F7S,2,selected_validated,500,1500,release-readiness selection; frozen per-file archival QC pending manifest freeze
Gi_8F7S,3,selected_validated,500,1500,release-readiness selection; frozen per-file archival QC pending manifest freeze
Gi_8HK2,1,selected_validated,500,1500,release-readiness selection; frozen per-file archival QC pending manifest freeze
Gi_8HK2,2,selected_validated,500,1500,release-readiness selection; frozen per-file archival QC pending manifest freeze
Gi_8HK2,3,selected_validated,500,1500,release-readiness selection; frozen per-file archival QC pending manifest freeze
Gi_8HK5,1,selected_validated,500,1500,release-readiness selection; frozen per-file archival QC pending manifest freeze
Gi_8HK5,2,selected_validated,500,1500,release-readiness selection; frozen per-file archival QC pending manifest freeze
Gi_8HK5,3,selected_validated,500,1500,release-readiness selection; frozen per-file archival QC pending manifest freeze
Gi_8HQM,1,selected_validated,500,1500,release-readiness selection; frozen per-file archival QC pending manifest freeze
Gi_8HQM,2,selected_validated,500,1500,release-readiness selection; frozen per-file archival QC pending manifest freeze
Gi_8HQM,3,selected_validated,500,1500,release-readiness selection; frozen per-file archival QC pending manifest freeze
Gi_8HS3,1,selected_validated,500,1500,release-readiness selection; frozen per-file archival QC pending manifest freeze
Gi_8HS3,2,selected_validated,500,1500,release-readiness selection; frozen per-file archival QC pending manifest freeze
Gi_8HS3,3,selected_validated,500,1500,release-readiness selection; frozen per-file archival QC pending manifest freeze
Gi_8IC0,1,selected_validated,500,1500,release-readiness selection; frozen per-file archival QC pending manifest freeze
Gi_8IC0,2,selected_validated,500,1500,release-readiness selection; frozen per-file archival QC pending manifest freeze
Gi_8IC0,3,selected_validated,500,1500,release-readiness selection; frozen per-file archival QC pending manifest freeze
Gi_8ID9,1,selected_validated,500,1500,release-readiness selection; frozen per-file archival QC pending manifest freeze
Gi_8ID9,2,selected_validated,500,1500,release-readiness selection; frozen per-file archival QC pending manifest freeze
Gi_8ID9,3,selected_validated,500,1500,release-readiness selection; frozen per-file archival QC pending manifest freeze
Gi_8IHJ,1,selected_validated,500,1500,release-readiness selection; frozen per-file archival QC pending manifest freeze
Gi_8IHJ,2,selected_validated,500,1500,release-readiness selection; frozen per-file archival QC pending manifest freeze
Gi_8IHJ,3,selected_validated,500,1500,release-readiness selection; frozen per-file archival QC pending manifest freeze
Gi_8IRU,1,selected_validated,500,1500,release-readiness selection; frozen per-file archival QC pending manifest freeze
Gi_8IRU,2,selected_validated,500,1500,release-readiness selection; frozen per-file archival QC pending manifest freeze
Gi_8IRU,3,selected_validated,500,1500,release-readiness selection; frozen per-file archival QC pending manifest freeze
Gi_8IU2,1,selected_validated,500,1500,release-readiness selection; frozen per-file archival QC pending manifest freeze
Gi_8IU2,2,selected_validated,500,1500,release-readiness selection; frozen per-file archival QC pending manifest freeze
Gi_8IU2,3,selected_validated,500,1500,release-readiness selection; frozen per-file archival QC pending manifest freeze
Gi_8IY5,1,selected_validated,500,1500,release-readiness selection; frozen per-file archival QC pending manifest freeze
Gi_8IY5,2,selected_validated,500,1500,release-readiness selection; frozen per-file archival QC pending manifest freeze
Gi_8IY5,3,selected_validated,500,1500,release-readiness selection; frozen per-file archival QC pending manifest freeze
Gi_8J18,1,selected_validated,500,1500,release-readiness selection; frozen per-file archival QC pending manifest freeze
Gi_8J18,2,selected_validated,500,1500,release-readiness selection; frozen per-file archival QC pending manifest freeze
Gi_8J18,3,selected_validated,500,1500,release-readiness selection; frozen per-file archival QC pending manifest freeze
Gi_8J21,1,selected_validated,500,1500,release-readiness selection; frozen per-file archival QC pending manifest freeze
Gi_8J21,2,selected_validated,500,1500,release-readiness selection; frozen per-file archival QC pending manifest freeze
Gi_8J21,3,selected_validated,500,1500,release-readiness selection; frozen per-file archival QC pending manifest freeze
Gi_8J6D,1,selected_validated,500,1500,release-readiness selection; frozen per-file archival QC pending manifest freeze
Gi_8J6D,2,selected_validated,500,1500,release-readiness selection; frozen per-file archival QC pending manifest freeze
Gi_8J6D,3,selected_validated,500,1500,release-readiness selection; frozen per-file archival QC pending manifest freeze
Gi_8JZZ,1,selected_validated,500,1500,release-readiness selection; frozen per-file archival QC pending manifest freeze
Gi_8JZZ,2,selected_validated,500,1500,release-readiness selection; frozen per-file archival QC pending manifest freeze
Gi_8JZZ,3,selected_validated,500,1500,release-readiness selection; frozen per-file archival QC pending manifest freeze
Gi_8K3Z,1,selected_validated,500,1500,release-readiness selection; frozen per-file archival QC pending manifest freeze
Gi_8K3Z,2,selected_validated,500,1500,release-readiness selection; frozen per-file archival QC pending manifest freeze
Gi_8K3Z,3,selected_validated,500,1500,release-readiness selection; frozen per-file archival QC pending manifest freeze
Gi_8K6O,1,selected_validated,500,1500,release-readiness selection; frozen per-file archival QC pending manifest freeze
Gi_8K6O,2,selected_validated,500,1500,release-readiness selection; frozen per-file archival QC pending manifest freeze
Gi_8K6O,3,selected_validated,500,1500,release-readiness selection; frozen per-file archival QC pending manifest freeze
Gi_8KFX,1,selected_validated,500,1500,release-readiness selection; frozen per-file archival QC pending manifest freeze
Gi_8KFX,2,selected_validated,500,1500,release-readiness selection; frozen per-file archival QC pending manifest freeze
Gi_8KFX,3,selected_validated,500,1500,release-readiness selection; frozen per-file archival QC pending manifest freeze
Gi_8PJK,1,selected_validated,500,1500,release-readiness selection; frozen per-file archival QC pending manifest freeze
Gi_8PJK,2,selected_validated,500,1500,release-readiness selection; frozen per-file archival QC pending manifest freeze
Gi_8PJK,3,selected_validated,500,1500,release-readiness selection; frozen per-file archival QC pending manifest freeze
Gi_8UGY,1,selected_validated,500,1500,release-readiness selection; frozen per-file archival QC pending manifest freeze
Gi_8UGY,2,selected_validated,500,1500,release-readiness selection; frozen per-file archival QC pending manifest freeze
Gi_8UGY,3,selected_validated,500,1500,release-readiness selection; frozen per-file archival QC pending manifest freeze
Gi_8WWH,1,selected_validated,500,1500,release-readiness selection; frozen per-file archival QC pending manifest freeze
Gi_8WWH,2,selected_validated,500,1500,release-readiness selection; frozen per-file archival QC pending manifest freeze
Gi_8WWH,3,selected_validated,500,1500,release-readiness selection; frozen per-file archival QC pending manifest freeze
Gi_8X8L,1,selected_validated,500,1500,release-readiness selection; frozen per-file archival QC pending manifest freeze
Gi_8X8L,2,selected_validated,500,1500,release-readiness selection; frozen per-file archival QC pending manifest freeze
Gi_8X8L,3,selected_validated,500,1500,release-readiness selection; frozen per-file archival QC pending manifest freeze
Gi_8XGM,1,selected_validated,500,1500,release-readiness selection; frozen per-file archival QC pending manifest freeze
Gi_8XGM,2,selected_validated,500,1500,release-readiness selection; frozen per-file archival QC pending manifest freeze
Gi_8XGM,3,selected_validated,500,1500,release-readiness selection; frozen per-file archival QC pending manifest freeze
Gi_8XIP,1,selected_validated,500,1500,release-readiness selection; frozen per-file archival QC pending manifest freeze
Gi_8XIP,2,selected_validated,500,1500,release-readiness selection; frozen per-file archival QC pending manifest freeze
Gi_8XIP,3,selected_validated,500,1500,release-readiness selection; frozen per-file archival QC pending manifest freeze
Gi_8XIQ,1,selected_validated,500,1500,release-readiness selection; frozen per-file archival QC pending manifest freeze
Gi_8XIQ,2,selected_validated,500,1500,release-readiness selection; frozen per-file archival QC pending manifest freeze
Gi_8XIQ,3,selected_validated,500,1500,release-readiness selection; frozen per-file archival QC pending manifest freeze
Gi_8XXU,1,selected_validated,500,1500,release-readiness selection; frozen per-file archival QC pending manifest freeze
Gi_8XXU,2,selected_validated,500,1500,release-readiness selection; frozen per-file archival QC pending manifest freeze
Gi_8XXU,3,selected_validated,500,1500,release-readiness selection; frozen per-file archival QC pending manifest freeze
Gi_8XYD,1,selected_validated,500,1500,release-readiness selection; frozen per-file archival QC pending manifest freeze
Gi_8XYD,2,selected_validated,500,1500,release-readiness selection; frozen per-file archival QC pending manifest freeze
Gi_8XYD,3,selected_validated,500,1500,release-readiness selection; frozen per-file archival QC pending manifest freeze
Gi_8XZI,1,selected_validated,500,1500,release-readiness selection; frozen per-file archival QC pending manifest freeze
Gi_8XZI,2,selected_validated,500,1500,release-readiness selection; frozen per-file archival QC pending manifest freeze
Gi_8XZI,3,selected_validated,500,1500,release-readiness selection; frozen per-file archival QC pending manifest freeze
Gi_8YIC,1,selected_validated,500,1500,release-readiness selection; frozen per-file archival QC pending manifest freeze
Gi_8YIC,2,selected_validated,500,1500,release-readiness selection; frozen per-file archival QC pending manifest freeze
Gi_8YIC,3,selected_validated,500,1500,release-readiness selection; frozen per-file archival QC pending manifest freeze
Gi_8YNA,1,selected_validated,500,1500,release-readiness selection; frozen per-file archival QC pending manifest freeze
Gi_8YNA,2,selected_validated,500,1500,release-readiness selection; frozen per-file archival QC pending manifest freeze
Gi_8YNA,3,selected_validated,500,1500,release-readiness selection; frozen per-file archival QC pending manifest freeze
Gi_8ZQE,1,selected_validated,500,1500,release-readiness selection; frozen per-file archival QC pending manifest freeze
Gi_8ZQE,2,selected_validated,500,1500,release-readiness selection; frozen per-file archival QC pending manifest freeze
Gi_8ZQE,3,selected_validated,500,1500,release-readiness selection; frozen per-file archival QC pending manifest freeze
Gi_9AST,1,selected_validated,500,1500,release-readiness selection; frozen per-file archival QC pending manifest freeze
Gi_9AST,2,selected_validated,500,1500,release-readiness selection; frozen per-file archival QC pending manifest freeze
Gi_9AST,3,selected_validated,500,1500,release-readiness selection; frozen per-file archival QC pending manifest freeze
Gi_9IIX,1,selected_validated,500,1500,release-readiness selection; frozen per-file archival QC pending manifest freeze
Gi_9IIX,2,selected_validated,500,1500,release-readiness selection; frozen per-file archival QC pending manifest freeze
Gi_9IIX,3,selected_validated,500,1500,release-readiness selection; frozen per-file archival QC pending manifest freeze
Gi_9J5V,1,selected_validated,500,1500,release-readiness selection; frozen per-file archival QC pending manifest freeze
Gi_9J5V,2,selected_validated,500,1500,release-readiness selection; frozen per-file archival QC pending manifest freeze
Gi_9J5V,3,selected_validated,500,1500,release-readiness selection; frozen per-file archival QC pending manifest freeze
Gq_6OIJ,1,selected_validated,500,1500,release-readiness selection; frozen per-file archival QC pending manifest freeze
Gq_6OIJ,2,selected_validated,500,1500,release-readiness selection; frozen per-file archival QC pending manifest freeze
Gq_6OIJ,3,selected_validated,500,1500,release-readiness selection; frozen per-file archival QC pending manifest freeze
Gq_7DFL,1,selected_validated,500,1500,release-readiness selection; frozen per-file archival QC pending manifest freeze
Gq_7DFL,2,selected_validated,500,1500,release-readiness selection; frozen per-file archival QC pending manifest freeze
Gq_7DFL,3,selected_validated,500,1500,release-readiness selection; frozen per-file archival QC pending manifest freeze
Gq_7EIB,1,selected_validated,500,1500,release-readiness selection; frozen per-file archival QC pending manifest freeze
Gq_7EIB,2,selected_validated,500,1500,release-readiness selection; frozen per-file archival QC pending manifest freeze
Gq_7EIB,3,selected_validated,500,1500,release-readiness selection; frozen per-file archival QC pending manifest freeze
Gq_7EZM,1,selected_validated,500,1500,release-readiness selection; frozen per-file archival QC pending manifest freeze
Gq_7EZM,2,selected_validated,500,1500,release-readiness selection; frozen per-file archival QC pending manifest freeze
Gq_7EZM,3,selected_validated,500,1500,release-readiness selection; frozen per-file archival QC pending manifest freeze
Gq_7F2O,1,selected_validated,500,1500,release-readiness selection; frozen per-file archival QC pending manifest freeze
Gq_7F2O,2,selected_validated,500,1500,release-readiness selection; frozen per-file archival QC pending manifest freeze
Gq_7F2O,3,selected_validated,500,1500,release-readiness selection; frozen per-file archival QC pending manifest freeze
Gq_7F6G,1,selected_validated,500,1500,release-readiness selection; frozen per-file archival QC pending manifest freeze
Gq_7F6G,2,selected_validated,500,1500,release-readiness selection; frozen per-file archival QC pending manifest freeze
Gq_7F6G,3,selected_validated,500,1500,release-readiness selection; frozen per-file archival QC pending manifest freeze
Gq_7F8W,1,selected_validated,500,1500,release-readiness selection; frozen per-file archival QC pending manifest freeze
Gq_7F8W,2,selected_validated,500,1500,release-readiness selection; frozen per-file archival QC pending manifest freeze
Gq_7F8W,3,selected_validated,500,1500,release-readiness selection; frozen per-file archival QC pending manifest freeze
Gq_7P00,1,selected_validated,500,1500,release-readiness selection; frozen per-file archival QC pending manifest freeze
Gq_7P00,2,selected_validated,500,1500,release-readiness selection; frozen per-file archival QC pending manifest freeze
Gq_7P00,3,selected_validated,500,1500,release-readiness selection; frozen per-file archival QC pending manifest freeze
Gq_7RAN,1,selected_validated,500,1500,release-readiness selection; frozen per-file archival QC pending manifest freeze
Gq_7RAN,2,selected_validated,500,1500,release-readiness selection; frozen per-file archival QC pending manifest freeze
Gq_7RAN,3,selected_validated,500,1500,release-readiness selection; frozen per-file archival QC pending manifest freeze
Gq_7S8L,1,selected_validated,500,1500,release-readiness selection; frozen per-file archival QC pending manifest freeze
Gq_7S8L,2,selected_validated,500,1500,release-readiness selection; frozen per-file archival QC pending manifest freeze
Gq_7S8L,3,selected_validated,500,1500,release-readiness selection; frozen per-file archival QC pending manifest freeze
Gq_7S8P,1,selected_validated,500,1500,release-readiness selection; frozen per-file archival QC pending manifest freeze
Gq_7S8P,2,selected_validated,500,1500,release-readiness selection; frozen per-file archival QC pending manifest freeze
Gq_7S8P,3,selected_validated,500,1500,release-readiness selection; frozen per-file archival QC pending manifest freeze
Gq_7SR8,1,selected_validated,500,1500,release-readiness selection; frozen per-file archival QC pending manifest freeze
Gq_7SR8,2,selected_validated,500,1500,release-readiness selection; frozen per-file archival QC pending manifest freeze
Gq_7SR8,3,selected_validated,500,1500,release-readiness selection; frozen per-file archival QC pending manifest freeze
Gq_7SRR,1,selected_validated,500,1500,release-readiness selection; frozen per-file archival QC pending manifest freeze
Gq_7SRR,2,selected_validated,500,1500,release-readiness selection; frozen per-file archival QC pending manifest freeze
Gq_7SRR,3,selected_validated,500,1500,release-readiness selection; frozen per-file archival QC pending manifest freeze
Gq_7TRY,1,selected_validated,500,1500,release-readiness selection; frozen per-file archival QC pending manifest freeze
Gq_7TRY,2,selected_validated,500,1500,release-readiness selection; frozen per-file archival QC pending manifest freeze
Gq_7TRY,3,selected_validated,500,1500,release-readiness selection; frozen per-file archival QC pending manifest freeze
Gq_7W3Z,1,selected_validated,500,1500,release-readiness selection; frozen per-file archival QC pending manifest freeze
Gq_7W3Z,2,selected_validated,500,1500,release-readiness selection; frozen per-file archival QC pending manifest freeze
Gq_7W3Z,3,selected_validated,500,1500,release-readiness selection; frozen per-file archival QC pending manifest freeze
Gq_7W53,1,selected_validated,500,1500,release-readiness selection; frozen per-file archival QC pending manifest freeze
Gq_7W53,2,selected_validated,500,1500,release-readiness selection; frozen per-file archival QC pending manifest freeze
Gq_7W53,3,selected_validated,500,1500,release-readiness selection; frozen per-file archival QC pending manifest freeze
Gq_7W55,1,selected_validated,500,1500,release-readiness selection; frozen per-file archival QC pending manifest freeze
Gq_7W55,2,selected_validated,500,1500,release-readiness selection; frozen per-file archival QC pending manifest freeze
Gq_7W55,3,selected_validated,500,1500,release-readiness selection; frozen per-file archival QC pending manifest freeze
Gq_7XW9,1,selected_validated,500,1500,release-readiness selection; frozen per-file archival QC pending manifest freeze
Gq_7XW9,2,selected_validated,500,1500,release-readiness selection; frozen per-file archival QC pending manifest freeze
Gq_7XW9,3,selected_validated,500,1500,release-readiness selection; frozen per-file archival QC pending manifest freeze
Gq_7XWO,1,selected_validated,500,1500,release-readiness selection; frozen per-file archival QC pending manifest freeze
Gq_7XWO,2,selected_validated,500,1500,release-readiness selection; frozen per-file archival QC pending manifest freeze
Gq_7XWO,3,selected_validated,500,1500,release-readiness selection; frozen per-file archival QC pending manifest freeze
Gq_7XXH,1,selected_validated,500,1500,release-readiness selection; frozen per-file archival QC pending manifest freeze
Gq_7XXH,2,selected_validated,500,1500,release-readiness selection; frozen per-file archival QC pending manifest freeze
Gq_7XXH,3,selected_validated,500,1500,release-readiness selection; frozen per-file archival QC pending manifest freeze
Gq_7Y26,1,selected_validated,500,1500,release-readiness selection; frozen per-file archival QC pending manifest freeze
Gq_7Y26,2,selected_validated,500,1500,release-readiness selection; frozen per-file archival QC pending manifest freeze
Gq_7Y26,3,selected_validated,500,1500,release-readiness selection; frozen per-file archival QC pending manifest freeze
Gq_7YDM,1,selected_validated,500,1500,release-readiness selection; frozen per-file archival QC pending manifest freeze
Gq_7YDM,2,selected_validated,500,1500,release-readiness selection; frozen per-file archival QC pending manifest freeze
Gq_7YDM,3,selected_validated,500,1500,release-readiness selection; frozen per-file archival QC pending manifest freeze
Gq_8DWC,1,selected_validated,500,1500,release-readiness selection; frozen per-file archival QC pending manifest freeze
Gq_8DWC,2,selected_validated,500,1500,release-readiness selection; frozen per-file archival QC pending manifest freeze
Gq_8DWC,3,selected_validated,500,1500,release-readiness selection; frozen per-file archival QC pending manifest freeze
Gq_8E9W,1,selected_validated,500,1500,release-readiness selection; frozen per-file archival QC pending manifest freeze
Gq_8E9W,2,selected_validated,500,1500,release-readiness selection; frozen per-file archival QC pending manifest freeze
Gq_8E9W,3,selected_validated,500,1500,release-readiness selection; frozen per-file archival QC pending manifest freeze
Gq_8EJC,1,selected_validated,500,1500,release-readiness selection; frozen per-file archival QC pending manifest freeze
Gq_8EJC,2,selected_validated,500,1500,release-readiness selection; frozen per-file archival QC pending manifest freeze
Gq_8EJC,3,selected_validated,500,1500,release-readiness selection; frozen per-file archival QC pending manifest freeze
Gq_8F7X,1,selected_validated,500,1500,release-readiness selection; frozen per-file archival QC pending manifest freeze
Gq_8F7X,2,selected_validated,500,1500,release-readiness selection; frozen per-file archival QC pending manifest freeze
Gq_8F7X,3,selected_validated,500,1500,release-readiness selection; frozen per-file archival QC pending manifest freeze
Gq_8H0P,1,selected_validated,500,1500,release-readiness selection; frozen per-file archival QC pending manifest freeze
Gq_8H0P,2,selected_validated,500,1500,release-readiness selection; frozen per-file archival QC pending manifest freeze
Gq_8H0P,3,selected_validated,500,1500,release-readiness selection; frozen per-file archival QC pending manifest freeze
Gq_8HCQ,1,selected_validated,500,1500,release-readiness selection; frozen per-file archival QC pending manifest freeze
Gq_8HCQ,2,selected_validated,500,1500,release-readiness selection; frozen per-file archival QC pending manifest freeze
Gq_8HCQ,3,selected_validated,500,1500,release-readiness selection; frozen per-file archival QC pending manifest freeze
Gq_8HCX,1,selected_validated,500,1500,release-readiness selection; frozen per-file archival QC pending manifest freeze
Gq_8HCX,2,selected_validated,500,1500,release-readiness selection; frozen per-file archival QC pending manifest freeze
Gq_8HCX,3,selected_validated,500,1500,release-readiness selection; frozen per-file archival QC pending manifest freeze
Gq_8IBV,1,selected_validated,500,1500,release-readiness selection; frozen per-file archival QC pending manifest freeze
Gq_8IBV,2,selected_validated,500,1500,release-readiness selection; frozen per-file archival QC pending manifest freeze
Gq_8IBV,3,selected_validated,500,1500,release-readiness selection; frozen per-file archival QC pending manifest freeze
Gq_8IUK,1,selected_validated,500,1500,release-readiness selection; frozen per-file archival QC pending manifest freeze
Gq_8IUK,2,selected_validated,500,1500,release-readiness selection; frozen per-file archival QC pending manifest freeze
Gq_8IUK,3,selected_validated,500,1500,release-readiness selection; frozen per-file archival QC pending manifest freeze
Gq_8IYS,1,selected_validated,500,1500,release-readiness selection; frozen per-file archival QC pending manifest freeze
Gq_8IYS,2,selected_validated,500,1500,release-readiness selection; frozen per-file archival QC pending manifest freeze
Gq_8IYS,3,selected_validated,500,1500,release-readiness selection; frozen per-file archival QC pending manifest freeze
Gq_8J9N,1,selected_validated,500,1500,release-readiness selection; frozen per-file archival QC pending manifest freeze
Gq_8J9N,2,selected_validated,500,1500,release-readiness selection; frozen per-file archival QC pending manifest freeze
Gq_8J9N,3,selected_validated,500,1500,release-readiness selection; frozen per-file archival QC pending manifest freeze
Gq_8JBG,1,selected_validated,500,1500,release-readiness selection; frozen per-file archival QC pending manifest freeze
Gq_8JBG,2,selected_validated,500,1500,release-readiness selection; frozen per-file archival QC pending manifest freeze
Gq_8JBG,3,selected_validated,500,1500,release-readiness selection; frozen per-file archival QC pending manifest freeze
Gq_8WST,1,selected_validated,500,1500,release-readiness selection; frozen per-file archival QC pending manifest freeze
Gq_8WST,2,selected_validated,500,1500,release-readiness selection; frozen per-file archival QC pending manifest freeze
Gq_8WST,3,selected_validated,500,1500,release-readiness selection; frozen per-file archival QC pending manifest freeze
Gq_8WZ2,1,selected_validated,500,1500,release-readiness selection; frozen per-file archival QC pending manifest freeze
Gq_8WZ2,2,selected_validated,500,1500,release-readiness selection; frozen per-file archival QC pending manifest freeze
Gq_8WZ2,3,selected_validated,500,1500,release-readiness selection; frozen per-file archival QC pending manifest freeze
Gq_8XGS,1,selected_validated,500,1500,release-readiness selection; frozen per-file archival QC pending manifest freeze
Gq_8XGS,2,selected_validated,500,1500,release-readiness selection; frozen per-file archival QC pending manifest freeze
Gq_8XGS,3,selected_validated,500,1500,release-readiness selection; frozen per-file archival QC pending manifest freeze
Gq_8XOJ,1,selected_validated,500,1500,release-readiness selection; frozen per-file archival QC pending manifest freeze
Gq_8XOJ,2,selected_validated,500,1500,release-readiness selection; frozen per-file archival QC pending manifest freeze
Gq_8XOJ,3,selected_validated,500,1500,release-readiness selection; frozen per-file archival QC pending manifest freeze
Gq_8XOR,1,selected_validated,500,1500,release-readiness selection; frozen per-file archival QC pending manifest freeze
Gq_8XOR,2,selected_validated,500,1500,release-readiness selection; frozen per-file archival QC pending manifest freeze
Gq_8XOR,3,selected_validated,500,1500,release-readiness selection; frozen per-file archival QC pending manifest freeze
Gq_8Y53,1,selected_validated,500,1500,release-readiness selection; frozen per-file archival QC pending manifest freeze
Gq_8Y53,2,selected_validated,500,1500,release-readiness selection; frozen per-file archival QC pending manifest freeze
Gq_8Y53,3,selected_validated,500,1500,release-readiness selection; frozen per-file archival QC pending manifest freeze
Gq_8ZPT,1,selected_validated,500,1500,release-readiness selection; frozen per-file archival QC pending manifest freeze
Gq_8ZPT,2,selected_validated,500,1500,release-readiness selection; frozen per-file archival QC pending manifest freeze
Gq_8ZPT,3,selected_validated,500,1500,release-readiness selection; frozen per-file archival QC pending manifest freeze
Gs_3SN6,1,selected_validated,500,1500,release-readiness selection; frozen per-file archival QC pending manifest freeze
Gs_3SN6,2,selected_validated,500,1500,release-readiness selection; frozen per-file archival QC pending manifest freeze
Gs_3SN6,3,selected_validated,500,1500,release-readiness selection; frozen per-file archival QC pending manifest freeze
Gs_6GDG,1,selected_validated,500,1500,release-readiness selection; frozen per-file archival QC pending manifest freeze
Gs_6GDG,2,selected_validated,500,1500,release-readiness selection; frozen per-file archival QC pending manifest freeze
Gs_6GDG,3,selected_validated,500,1500,release-readiness selection; frozen per-file archival QC pending manifest freeze
Gs_6LI3,1,selected_validated,500,1500,release-readiness selection; frozen per-file archival QC pending manifest freeze
Gs_6LI3,2,selected_validated,500,1500,release-readiness selection; frozen per-file archival QC pending manifest freeze
Gs_6LI3,3,selected_validated,500,1500,release-readiness selection; frozen per-file archival QC pending manifest freeze
Gs_6NBI,1,selected_validated,500,1500,release-readiness selection; frozen per-file archival QC pending manifest freeze
Gs_6NBI,2,selected_validated,500,1500,release-readiness selection; frozen per-file archival QC pending manifest freeze
Gs_6NBI,3,selected_validated,500,1500,release-readiness selection; frozen per-file archival QC pending manifest freeze
Gs_6PB0,1,selected_validated,500,1500,release-readiness selection; frozen per-file archival QC pending manifest freeze
Gs_6PB0,2,selected_validated,500,1500,release-readiness selection; frozen per-file archival QC pending manifest freeze
Gs_6PB0,3,selected_validated,500,1500,release-readiness selection; frozen per-file archival QC pending manifest freeze
Gs_6PB1,1,selected_validated,500,1500,release-readiness selection; frozen per-file archival QC pending manifest freeze
Gs_6PB1,2,selected_validated,500,1500,release-readiness selection; frozen per-file archival QC pending manifest freeze
Gs_6PB1,3,selected_validated,500,1500,release-readiness selection; frozen per-file archival QC pending manifest freeze
Gs_6UVA,1,selected_validated,500,1500,release-readiness selection; frozen per-file archival QC pending manifest freeze
Gs_6UVA,2,selected_validated,500,1500,release-readiness selection; frozen per-file archival QC pending manifest freeze
Gs_6UVA,3,selected_validated,500,1500,release-readiness selection; frozen per-file archival QC pending manifest freeze
Gs_6WZG,1,selected_validated,500,1500,release-readiness selection; frozen per-file archival QC pending manifest freeze
Gs_6WZG,2,selected_validated,500,1500,release-readiness selection; frozen per-file archival QC pending manifest freeze
Gs_6WZG,3,selected_validated,500,1500,release-readiness selection; frozen per-file archival QC pending manifest freeze
Gs_7CFN,1,selected_validated,500,1500,release-readiness selection; frozen per-file archival QC pending manifest freeze
Gs_7CFN,2,selected_validated,500,1500,release-readiness selection; frozen per-file archival QC pending manifest freeze
Gs_7CFN,3,selected_validated,500,1500,release-readiness selection; frozen per-file archival QC pending manifest freeze
Gs_7CX2,1,selected_validated,500,1500,release-readiness selection; frozen per-file archival QC pending manifest freeze
Gs_7CX2,2,selected_validated,500,1500,release-readiness selection; frozen per-file archival QC pending manifest freeze
Gs_7CX2,3,selected_validated,500,1500,release-readiness selection; frozen per-file archival QC pending manifest freeze
Gs_7D68,1,selected_validated,500,1500,release-readiness selection; frozen per-file archival QC pending manifest freeze
Gs_7D68,2,selected_validated,500,1500,release-readiness selection; frozen per-file archival QC pending manifest freeze
Gs_7D68,3,selected_validated,500,1500,release-readiness selection; frozen per-file archival QC pending manifest freeze
Gs_7D7M,1,selected_validated,500,1500,release-readiness selection; frozen per-file archival QC pending manifest freeze
Gs_7D7M,2,selected_validated,500,1500,release-readiness selection; frozen per-file archival QC pending manifest freeze
Gs_7D7M,3,selected_validated,500,1500,release-readiness selection; frozen per-file archival QC pending manifest freeze
Gs_7DUQ,1,selected_validated,500,1500,release-readiness selection; frozen per-file archival QC pending manifest freeze
Gs_7DUQ,2,selected_validated,500,1500,release-readiness selection; frozen per-file archival QC pending manifest freeze
Gs_7DUQ,3,selected_validated,500,1500,release-readiness selection; frozen per-file archival QC pending manifest freeze
Gs_7EQ1,1,selected_validated,500,1500,release-readiness selection; frozen per-file archival QC pending manifest freeze
Gs_7EQ1,2,selected_validated,500,1500,release-readiness selection; frozen per-file archival QC pending manifest freeze
Gs_7EQ1,3,selected_validated,500,1500,release-readiness selection; frozen per-file archival QC pending manifest freeze
Gs_7F16,1,selected_validated,500,1500,release-readiness selection; frozen per-file archival QC pending manifest freeze
Gs_7F16,2,selected_validated,500,1500,release-readiness selection; frozen per-file archival QC pending manifest freeze
Gs_7F16,3,selected_validated,500,1500,release-readiness selection; frozen per-file archival QC pending manifest freeze
Gs_7F4H,1,selected_validated,500,1500,release-readiness selection; frozen per-file archival QC pending manifest freeze
Gs_7F4H,2,selected_validated,500,1500,release-readiness selection; frozen per-file archival QC pending manifest freeze
Gs_7F4H,3,selected_validated,500,1500,release-readiness selection; frozen per-file archival QC pending manifest freeze
Gs_7F54,1,selected_validated,500,1500,release-readiness selection; frozen per-file archival QC pending manifest freeze
Gs_7F54,2,selected_validated,500,1500,release-readiness selection; frozen per-file archival QC pending manifest freeze
Gs_7F54,3,selected_validated,500,1500,release-readiness selection; frozen per-file archival QC pending manifest freeze
Gs_7FIG,1,selected_validated,500,1500,release-readiness selection; frozen per-file archival QC pending manifest freeze
Gs_7FIG,2,selected_validated,500,1500,release-readiness selection; frozen per-file archival QC pending manifest freeze
Gs_7FIG,3,selected_validated,500,1500,release-readiness selection; frozen per-file archival QC pending manifest freeze
Gs_7FIN,1,selected_validated,500,1500,release-readiness selection; frozen per-file archival QC pending manifest freeze
Gs_7FIN,2,selected_validated,500,1500,release-readiness selection; frozen per-file archival QC pending manifest freeze
Gs_7FIN,3,selected_validated,500,1500,release-readiness selection; frozen per-file archival QC pending manifest freeze
Gs_7JVQ,1,selected_validated,500,1500,release-readiness selection; frozen per-file archival QC pending manifest freeze
Gs_7JVQ,2,selected_validated,500,1500,release-readiness selection; frozen per-file archival QC pending manifest freeze
Gs_7JVQ,3,selected_validated,500,1500,release-readiness selection; frozen per-file archival QC pending manifest freeze
Gs_7KH0,1,selected_validated,500,1500,release-readiness selection; frozen per-file archival QC pending manifest freeze
Gs_7KH0,2,selected_validated,500,1500,release-readiness selection; frozen per-file archival QC pending manifest freeze
Gs_7KH0,3,selected_validated,500,1500,release-readiness selection; frozen per-file archival QC pending manifest freeze
Gs_7L1V,1,selected_validated,500,1500,release-readiness selection; frozen per-file archival QC pending manifest freeze
Gs_7L1V,2,selected_validated,500,1500,release-readiness selection; frozen per-file archival QC pending manifest freeze
Gs_7L1V,3,selected_validated,500,1500,release-readiness selection; frozen per-file archival QC pending manifest freeze
Gs_7MBX,1,selected_validated,500,1500,release-readiness selection; frozen per-file archival QC pending manifest freeze
Gs_7MBX,2,selected_validated,500,1500,release-readiness selection; frozen per-file archival QC pending manifest freeze
Gs_7MBX,3,selected_validated,500,1500,release-readiness selection; frozen per-file archival QC pending manifest freeze
Gs_7RMH,1,selected_validated,500,1500,release-readiness selection; frozen per-file archival QC pending manifest freeze
Gs_7RMH,2,selected_validated,500,1500,release-readiness selection; frozen per-file archival QC pending manifest freeze
Gs_7RMH,3,selected_validated,500,1500,release-readiness selection; frozen per-file archival QC pending manifest freeze
Gs_7T9N,1,selected_validated,500,1500,release-readiness selection; frozen per-file archival QC pending manifest freeze
Gs_7T9N,2,selected_validated,500,1500,release-readiness selection; frozen per-file archival QC pending manifest freeze
Gs_7T9N,3,selected_validated,500,1500,release-readiness selection; frozen per-file archival QC pending manifest freeze
Gs_7TMW,1,selected_validated,500,1500,release-readiness selection; frozen per-file archival QC pending manifest freeze
Gs_7TMW,2,selected_validated,500,1500,release-readiness selection; frozen per-file archival QC pending manifest freeze
Gs_7TMW,3,selected_validated,500,1500,release-readiness selection; frozen per-file archival QC pending manifest freeze
Gs_7V9M,1,selected_validated,500,1500,release-readiness selection; frozen per-file archival QC pending manifest freeze
Gs_7V9M,2,selected_validated,500,1500,release-readiness selection; frozen per-file archival QC pending manifest freeze
Gs_7V9M,3,selected_validated,500,1500,release-readiness selection; frozen per-file archival QC pending manifest freeze
Gs_7WBJ,1,selected_validated,500,1500,release-readiness selection; frozen per-file archival QC pending manifest freeze
Gs_7WBJ,2,selected_validated,500,1500,release-readiness selection; frozen per-file archival QC pending manifest freeze
Gs_7WBJ,3,selected_validated,500,1500,release-readiness selection; frozen per-file archival QC pending manifest freeze
Gs_7WU2,1,selected_validated,500,1500,release-readiness selection; frozen per-file archival QC pending manifest freeze
Gs_7WU2,2,selected_validated,500,1500,release-readiness selection; frozen per-file archival QC pending manifest freeze
Gs_7WU2,3,selected_validated,500,1500,release-readiness selection; frozen per-file archival QC pending manifest freeze
Gs_7WU3,1,selected_validated,500,1500,release-readiness selection; frozen per-file archival QC pending manifest freeze
Gs_7WU3,2,selected_validated,500,1500,release-readiness selection; frozen per-file archival QC pending manifest freeze
Gs_7WU3,3,selected_validated,500,1500,release-readiness selection; frozen per-file archival QC pending manifest freeze
Gs_7WUJ,1,selected_validated,500,1500,release-readiness selection; frozen per-file archival QC pending manifest freeze
Gs_7WUJ,2,selected_validated,500,1500,release-readiness selection; frozen per-file archival QC pending manifest freeze
Gs_7WUJ,3,selected_validated,500,1500,release-readiness selection; frozen per-file archival QC pending manifest freeze
Gs_7XT8,1,selected_validated,500,1500,release-readiness selection; frozen per-file archival QC pending manifest freeze
Gs_7XT8,2,selected_validated,500,1500,release-readiness selection; frozen per-file archival QC pending manifest freeze
Gs_7XT8,3,selected_validated,500,1500,release-readiness selection; frozen per-file archival QC pending manifest freeze
Gs_7XTB,1,selected_validated,500,1500,release-readiness selection; frozen per-file archival QC pending manifest freeze
Gs_7XTB,2,selected_validated,500,1500,release-readiness selection; frozen per-file archival QC pending manifest freeze
Gs_7XTB,3,selected_validated,500,1500,release-readiness selection; frozen per-file archival QC pending manifest freeze
Gs_7XTC,1,selected_validated,500,1500,release-readiness selection; frozen per-file archival QC pending manifest freeze
Gs_7XTC,2,selected_validated,500,1500,release-readiness selection; frozen per-file archival QC pending manifest freeze
Gs_7XTC,3,selected_validated,500,1500,release-readiness selection; frozen per-file archival QC pending manifest freeze
Gs_7XV3,1,selected_validated,500,1500,release-readiness selection; frozen per-file archival QC pending manifest freeze
Gs_7XV3,2,selected_validated,500,1500,release-readiness selection; frozen per-file archival QC pending manifest freeze
Gs_7XV3,3,selected_validated,500,1500,release-readiness selection; frozen per-file archival QC pending manifest freeze
Gs_7XZ5,1,selected_validated,500,1500,release-readiness selection; frozen per-file archival QC pending manifest freeze
Gs_7XZ5,2,selected_validated,500,1500,release-readiness selection; frozen per-file archival QC pending manifest freeze
Gs_7XZ5,3,selected_validated,500,1500,release-readiness selection; frozen per-file archival QC pending manifest freeze
Gs_7Y3G,1,selected_validated,500,1500,release-readiness selection; frozen per-file archival QC pending manifest freeze
Gs_7Y3G,2,selected_validated,500,1500,release-readiness selection; frozen per-file archival QC pending manifest freeze
Gs_7Y3G,3,selected_validated,500,1500,release-readiness selection; frozen per-file archival QC pending manifest freeze
Gs_8E3X,1,selected_validated,500,1500,release-readiness selection; frozen per-file archival QC pending manifest freeze
Gs_8E3X,2,selected_validated,500,1500,release-readiness selection; frozen per-file archival QC pending manifest freeze
Gs_8E3X,3,selected_validated,500,1500,release-readiness selection; frozen per-file archival QC pending manifest freeze
Gs_8E3Y,1,selected_validated,500,1500,release-readiness selection; frozen per-file archival QC pending manifest freeze
Gs_8E3Y,2,selected_validated,500,1500,release-readiness selection; frozen per-file archival QC pending manifest freeze
Gs_8E3Y,3,selected_validated,500,1500,release-readiness selection; frozen per-file archival QC pending manifest freeze
Gs_8F0J,1,selected_validated,500,1500,release-readiness selection; frozen per-file archival QC pending manifest freeze
Gs_8F0J,2,selected_validated,500,1500,release-readiness selection; frozen per-file archival QC pending manifest freeze
Gs_8F0J,3,selected_validated,500,1500,release-readiness selection; frozen per-file archival QC pending manifest freeze
Gs_8F76,1,selected_validated,500,1500,release-readiness selection; frozen per-file archival QC pending manifest freeze
Gs_8F76,2,selected_validated,500,1500,release-readiness selection; frozen per-file archival QC pending manifest freeze
Gs_8F76,3,selected_validated,500,1500,release-readiness selection; frozen per-file archival QC pending manifest freeze
Gs_8FU6,1,selected_validated,500,1500,release-readiness selection; frozen per-file archival QC pending manifest freeze
Gs_8FU6,2,selected_validated,500,1500,release-readiness selection; frozen per-file archival QC pending manifest freeze
Gs_8FU6,3,selected_validated,500,1500,release-readiness selection; frozen per-file archival QC pending manifest freeze
Gs_8H4I,1,selected_validated,500,1500,release-readiness selection; frozen per-file archival QC pending manifest freeze
Gs_8H4I,2,selected_validated,500,1500,release-readiness selection; frozen per-file archival QC pending manifest freeze
Gs_8H4I,3,selected_validated,500,1500,release-readiness selection; frozen per-file archival QC pending manifest freeze
Gs_8HDP,1,selected_validated,500,1500,release-readiness selection; frozen per-file archival QC pending manifest freeze
Gs_8HDP,2,selected_validated,500,1500,release-readiness selection; frozen per-file archival QC pending manifest freeze
Gs_8HDP,3,selected_validated,500,1500,release-readiness selection; frozen per-file archival QC pending manifest freeze
Gs_8HJ1,1,selected_validated,500,1500,release-readiness selection; frozen per-file archival QC pending manifest freeze
Gs_8HJ1,2,selected_validated,500,1500,release-readiness selection; frozen per-file archival QC pending manifest freeze
Gs_8HJ1,3,selected_validated,500,1500,release-readiness selection; frozen per-file archival QC pending manifest freeze
Gs_8HJ2,1,selected_validated,500,1500,release-readiness selection; frozen per-file archival QC pending manifest freeze
Gs_8HJ2,2,selected_validated,500,1500,release-readiness selection; frozen per-file archival QC pending manifest freeze
Gs_8HJ2,3,selected_validated,500,1500,release-readiness selection; frozen per-file archival QC pending manifest freeze
Gs_8HTI,1,selected_validated,500,1500,release-readiness selection; frozen per-file archival QC pending manifest freeze
Gs_8HTI,2,selected_validated,500,1500,release-readiness selection; frozen per-file archival QC pending manifest freeze
Gs_8HTI,3,selected_validated,500,1500,release-readiness selection; frozen per-file archival QC pending manifest freeze
Gs_8I2G,1,selected_validated,500,1500,release-readiness selection; frozen per-file archival QC pending manifest freeze
Gs_8I2G,2,selected_validated,500,1500,release-readiness selection; frozen per-file archival QC pending manifest freeze
Gs_8I2G,3,selected_validated,500,1500,release-readiness selection; frozen per-file archival QC pending manifest freeze
Gs_8INR,1,selected_validated,500,1500,release-readiness selection; frozen per-file archival QC pending manifest freeze
Gs_8INR,2,selected_validated,500,1500,release-readiness selection; frozen per-file archival QC pending manifest freeze
Gs_8INR,3,selected_validated,500,1500,release-readiness selection; frozen per-file archival QC pending manifest freeze
Gs_8IOC,1,selected_validated,500,1500,release-readiness selection; frozen per-file archival QC pending manifest freeze
Gs_8IOC,2,selected_validated,500,1500,release-readiness selection; frozen per-file archival QC pending manifest freeze
Gs_8IOC,3,selected_validated,500,1500,release-readiness selection; frozen per-file archival QC pending manifest freeze
Gs_8IRV,1,selected_validated,500,1500,release-readiness selection; frozen per-file archival QC pending manifest freeze
Gs_8IRV,2,selected_validated,500,1500,release-readiness selection; frozen per-file archival QC pending manifest freeze
Gs_8IRV,3,selected_validated,500,1500,release-readiness selection; frozen per-file archival QC pending manifest freeze
Gs_8JPP,1,selected_validated,500,1500,release-readiness selection; frozen per-file archival QC pending manifest freeze
Gs_8JPP,2,selected_validated,500,1500,release-readiness selection; frozen per-file archival QC pending manifest freeze
Gs_8JPP,3,selected_validated,500,1500,release-readiness selection; frozen per-file archival QC pending manifest freeze
Gs_8KGK,1,selected_validated,500,1500,release-readiness selection; frozen per-file archival QC pending manifest freeze
Gs_8KGK,2,selected_validated,500,1500,release-readiness selection; frozen per-file archival QC pending manifest freeze
Gs_8KGK,3,selected_validated,500,1500,release-readiness selection; frozen per-file archival QC pending manifest freeze
Gs_8KH5,1,selected_validated,500,1500,release-readiness selection; frozen per-file archival QC pending manifest freeze
Gs_8KH5,2,selected_validated,500,1500,release-readiness selection; frozen per-file archival QC pending manifest freeze
Gs_8KH5,3,selected_validated,500,1500,release-readiness selection; frozen per-file archival QC pending manifest freeze
Gs_8SMV,1,selected_validated,500,1500,release-readiness selection; frozen per-file archival QC pending manifest freeze
Gs_8SMV,2,selected_validated,500,1500,release-readiness selection; frozen per-file archival QC pending manifest freeze
Gs_8SMV,3,selected_validated,500,1500,release-readiness selection; frozen per-file archival QC pending manifest freeze
Gs_8U8F,1,selected_validated,500,1500,release-readiness selection; frozen per-file archival QC pending manifest freeze
Gs_8U8F,2,selected_validated,500,1500,release-readiness selection; frozen per-file archival QC pending manifest freeze
Gs_8U8F,3,selected_validated,500,1500,release-readiness selection; frozen per-file archival QC pending manifest freeze
Gs_8W87,1,selected_validated,500,1500,release-readiness selection; frozen per-file archival QC pending manifest freeze
Gs_8W87,2,selected_validated,500,1500,release-readiness selection; frozen per-file archival QC pending manifest freeze
Gs_8W87,3,selected_validated,500,1500,release-readiness selection; frozen per-file archival QC pending manifest freeze
Gs_8W8Q,1,selected_validated,500,1500,release-readiness selection; frozen per-file archival QC pending manifest freeze
Gs_8W8Q,2,selected_validated,500,1500,release-readiness selection; frozen per-file archival QC pending manifest freeze
Gs_8W8Q,3,selected_validated,500,1500,release-readiness selection; frozen per-file archival QC pending manifest freeze
Gs_8WJX,1,selected_validated,500,1500,release-readiness selection; frozen per-file archival QC pending manifest freeze
Gs_8WJX,2,selected_validated,500,1500,release-readiness selection; frozen per-file archival QC pending manifest freeze
Gs_8WJX,3,selected_validated,500,1500,release-readiness selection; frozen per-file archival QC pending manifest freeze
Gs_8X79,1,selected_validated,500,1500,release-readiness selection; frozen per-file archival QC pending manifest freeze
Gs_8X79,2,selected_validated,500,1500,release-readiness selection; frozen per-file archival QC pending manifest freeze
Gs_8X79,3,selected_validated,500,1500,release-readiness selection; frozen per-file archival QC pending manifest freeze
Gs_8XVI,1,selected_validated,500,1500,release-readiness selection; frozen per-file archival QC pending manifest freeze
Gs_8XVI,2,selected_validated,500,1500,release-readiness selection; frozen per-file archival QC pending manifest freeze
Gs_8XVI,3,selected_validated,500,1500,release-readiness selection; frozen per-file archival QC pending manifest freeze
Gs_8YN2,1,selected_validated,500,1500,release-readiness selection; frozen per-file archival QC pending manifest freeze
Gs_8YN2,2,selected_validated,500,1500,release-readiness selection; frozen per-file archival QC pending manifest freeze
Gs_8YN2,3,selected_validated,500,1500,release-readiness selection; frozen per-file archival QC pending manifest freeze
Gs_8YUT,1,selected_validated,500,1500,release-readiness selection; frozen per-file archival QC pending manifest freeze
Gs_8YUT,2,selected_validated,500,1500,release-readiness selection; frozen per-file archival QC pending manifest freeze
Gs_8YUT,3,selected_validated,500,1500,release-readiness selection; frozen per-file archival QC pending manifest freeze
Gs_8YUV,1,selected_validated,500,1500,release-readiness selection; frozen per-file archival QC pending manifest freeze
Gs_8YUV,2,selected_validated,500,1500,release-readiness selection; frozen per-file archival QC pending manifest freeze
Gs_8YUV,3,selected_validated,500,1500,release-readiness selection; frozen per-file archival QC pending manifest freeze
Gs_9BLC,1,selected_validated,500,1500,release-readiness selection; frozen per-file archival QC pending manifest freeze
Gs_9BLC,2,selected_validated,500,1500,release-readiness selection; frozen per-file archival QC pending manifest freeze
Gs_9BLC,3,selected_validated,500,1500,release-readiness selection; frozen per-file archival QC pending manifest freeze
